Latitude,Longitude,Description,Label,Placemark number
55.811639,37.535592,"<div>2020-01-29: 7901000 | Не продано</div><p>г.москва,1-йамбулаторныйпр.,д.2,2ком., пл. 34.5, кв. 13</p>","Не продано, 2020, 1",2
55.783286,37.558589,"<div>2019-03-27: 11991000 | 12710460</div><p>г.москва,1-йботкинскийпр-д,д.6,2ком., пл. 62.2, кв. 95</p>","12.710.460, 2019, 1",2
55.816733,37.489634,"<div>2017-04-07: 9368000 | 9368000</div><div>2017-01-21: 9368000 | Не продано</div><p>г.москва,1-йвойковскийпр.,д.16,кор.1,2ком., пл. 54.2, кв. 80</p>","9.368.000, 2017, 2",2
55.80185,37.492967,"<div>2019-07-24: 6255000 | 6255000</div><p>г.москва,1-йволоколамскийпр.,д.8,кор.2,1ком., пл. 29.6, кв. 64</p>","6.255.000, 2019, 1",1
55.751234,37.780688,"<div>2017-06-21: 6822000 | 7367760</div><p>г.москва,1-явладимирскаяул.,д.35,кор.2,2ком., пл. 49.1, кв. 27</p>","7.367.760, 2017, 1",2
55.713207,37.795151,"<div>2018-12-26: 6447000 | 8187690</div><p>г.москва,1-яновокузьминскаяул.,д.27/12,2ком., пл. 56.6, кв. 43</p>","8.187.690, 2018, 1",2
55.824728,37.620645,"<div>2019-12-30: 6132000 | 7481040</div><p>г.москва,1-яостанкинскаяул.,д.19/1,1ком., пл. 31.2, кв. 25</p>","7.481.040, 2019, 1",1
55.772578,37.591027,"<div>2018-12-26: 9066000 | Не продано</div><div>2018-10-10: 9066000 | Не продано</div><div>2017-06-07: 15297000 | Не продано</div><div>2017-04-20: 15297000 | Не продано</div><p>г.москва,1-ятверская-ямскаяул.,д.11,5ком., пл. 108.6, кв. 108,смежныекомнаты1,2жилойплощадью39,2</p>","Не продано, 2018, 4",5
55.772578,37.591027,"<div>2019-05-29: 8900000 | 8900000</div><div>2019-03-27: 8900000 | Не продано</div><p>г.москва,1-ятверская-ямскаяул.,д.11,5ком., пл. 39.2, кв. 108,смежныекомнаты1,2жилойплощадью39,2</p>","8.900.000, 2019, 2",5
55.792002,37.80523,"<div>2019-02-20: 7720000 | 8569200</div><p>г.москва,11-япарковаяул.,д.9/35,3ком., пл. 51.6, кв. 240</p>","8.569.200, 2019, 1",3
55.80357,37.812525,"<div>2019-08-28: 5366000 | 5580640</div><p>г.москва,13-япарковаяул.,д.24/51,1ком., пл. 32.3, кв. 60</p>","5.580.640, 2019, 1",1
55.804294,37.820547,"<div>2017-11-29: 3787000 | 3787000</div><div>2017-09-13: 4694000 | Не продано</div><div>2017-07-26: 4694000 | Не продано</div><div>2017-05-31: 4694000 | Не продано</div><p>г.москва,15-япарковаяул.,д.36/63,кор.2,1ком., пл. 33.0, кв. 89</p>","3.787.000, 2017, 4",1
55.800362,37.828757,"<div>2017-10-11: 3987000 | 3987000</div><div>2017-07-26: 4561000 | Не продано</div><div>2017-05-31: 4561000 | Не продано</div><div>2017-04-07: 4561000 | Не продано</div><p>г.москва,16-япарковаяул.,д.14,1ком., пл. 35.0, кв. 35</p>","3.987.000, 2017, 4",1
55.79973,37.823493,"<div>2018-02-21: 4034000 | 4034000</div><div>2017-11-08: 4353000 | Не продано</div><div>2017-09-13: 4353000 | Не продано</div><p>г.москва,16-япарковаяул.,д.19,кор.3,1ком., пл. 34.4, кв. 50</p>","4.034.000, 2018, 3",1
55.790681,37.823915,"<div>2017-01-21: 4820000 | 4820000</div><p>г.москва,16-япарковаяул.,д.2,2ком., пл. 43.2, кв. 57</p>","4.820.000, 2017, 1",2
55.728327,37.520752,"<div>2019-01-23: 5797000 | 6608580</div><p>г.москва,2-ймосфильмовскийпер.,д.21,1ком., пл. 27.7, кв. 110</p>","6.608.580, 2019, 1",1
55.779692,37.668704,"<div>2018-12-26: 12050000 | 12050000</div><p>г.москва,2-йновыйпер.,д.4,2ком., пл. 55.2, кв. 33</p>","12.050.000, 2018, 1",2
55.712558,37.741172,"<div>2017-05-17: 7149000 | 7149000</div><div>2017-03-17: 7149000 | Не продано</div><div>2017-01-21: 7149000 | Не продано</div><p>г.москва,2-йсаратовскийпр.,д.5,3ком., пл. 57.2, кв. 20</p>","7.149.000, 2017, 3",3
55.795393,37.575432,"<div>2017-12-20: 4939000 | 4939000</div><p>г.москва,2-яквесисскаяул.,д.18,1ком., пл. 30.8, кв. 72</p>","4.939.000, 2017, 1",1
55.790934,37.724975,"<div>2017-08-09: 5150000 | 5150000</div><p>г.москва,2-япугачевскаяул.,д.14,кор.4,2ком., пл. 38.7, кв. 39</p>","5.150.000, 2017, 1",2
55.790934,37.724975,"<div>2017-04-20: 5670000 | 5670000</div><div>2017-03-03: 5670000 | Не продано</div><p>г.москва,2-япугачевскаяул.,д.14,кор.4,2ком., пл. 39.5, кв. 39</p>","5.670.000, 2017, 2",2
55.793207,37.723529,"<div>2019-04-24: 7322000 | 7322000</div><div>2019-02-20: 7322000 | Не продано</div><p>г.москва,2-япугачевскаяул.,д.8,кор.5,2ком., пл. 44.4, кв. 114</p>","7.322.000, 2019, 2",2
55.724692,37.581766,"<div>2019-10-30: 10844000 | 10952440</div><p>г.москва,2-яфрунзенскаяул.,д.10,кор.2,1ком., пл. 34.9, кв. 77</p>","10.952.440, 2019, 1",1
55.810835,37.52669,"<div>2017-03-03: 4173000 | 4632030</div><p>г.москва,3-йбалтийскийпер.,д.4,кор.3,1ком., пл. 29.3, кв. 22</p>","4.632.030, 2017, 1",1
55.8169,37.694639,"<div>2019-09-25: 6208000 | 7077120</div><p>г.москва,3-ябогатырскаяул.,дом3,1ком., пл. 38.4, кв. 18</p>","7.077.120, 2019, 1",1
55.753215,37.790426,"<div>2017-09-13: 5866000 | 5866000</div><p>г.москва,3-явладимирскаяул.,д.32/31,2ком., пл. 45.2, кв. 124</p>","5.866.000, 2017, 1",2
55.841534,37.542958,"<div>2017-10-25: 4326000 | 4326000</div><div>2017-08-30: 4326000 | Не продано</div><div>2017-06-21: 4507000 | Не продано</div><div>2017-04-20: 4507000 | Не продано</div><div>2017-03-03: 4507000 | Не продано</div><p>г.москва,4-йновомихалковскийпр.,д.7а,1ком., пл. 31.6, кв. 76</p>","4.326.000, 2017, 5",1
55.794209,37.624418,"<div>2019-08-28: 8516000 | 9623080</div><p>г.москва,4-ямарьинойрощиул.,д.4,2ком., пл. 51.7, кв. 147</p>","9.623.080, 2019, 1",2
55.731815,37.630122,"<div>2018-06-20: 7131000 | 9198990</div><p>г.москва,5-ймонетчиковскийпер.,д.13,1ком., пл. 34.9, кв. 22</p>","9.198.990, 2018, 1",1
55.804759,37.787237,"<div>2017-01-21: 4093000 | 4093000</div><p>г.москва,5-япарковаяул.,д.47,кор.1,1ком., пл. 31.2, кв. 5</p>","4.093.000, 2017, 1",1
55.795454,37.793337,"<div>2019-07-24: 6032000 | 6032000</div><div>2019-05-29: 6032000 | Не продано</div><p>г.москва,7-япарковаяул.,д.7,1ком., пл. 35.1, кв. 77</p>","6.032.000, 2019, 2",1
55.704519,37.74322,"<div>2017-04-07: 4876000 | 4876000</div><div>2017-01-21: 5473000 | Не продано</div><p>г.москва,8-ятекстильщиковул.,д.7а,1ком., пл. 36.8, кв. 5</p>","4.876.000, 2017, 2",1
55.801986,37.801251,"<div>2017-11-08: 3914000 | 3914000</div><p>г.москва,9-япарковаяул.,д.54,кор.2,1ком., пл. 30.6, кв. 17</p>","3.914.000, 2017, 1",1
55.773464,37.737003,"<div>2017-08-23: 6001000 | 6001000</div><p>г.москва,9-яул.соколинойгоры,д.19,2ком., пл. 45.3, кв. 21</p>","6.001.000, 2017, 1",2
55.773464,37.737003,"<div>2017-06-07: 6930000 | Не продано</div><div>2017-04-20: 6930000 | Не продано</div><p>г.москва,9-яул.соколинойгоры,д.19,2ком., пл. 46.0, кв. 21</p>","Не продано, 2017, 2",2
55.894879,37.573052,"<div>2018-10-10: 4917000 | 5212020</div><p>г.москва,абрамцевскаяул.,д.3,1ком., пл. 32.5, кв. 45</p>","5.212.020, 2018, 1",1
55.848993,37.488359,"<div>2018-02-21: 7350000 | 7350000</div><div>2017-11-08: 8648000 | Не продано</div><div>2017-09-13: 8648000 | Не продано</div><p>г.москва,авангарднаяул.,д.15,2ком., пл. 52.5, кв. 18</p>","7.350.000, 2018, 3",2
55.544255,37.52324,"<div>2018-01-24: 1865000 | 2536400</div><p>г.москва,адмиралалазареваул.,д.40,2ком., пл. 33.47, кв. 87,2/3доли</p>","2.536.400, 2018, 1",2
55.544255,37.52324,"<div>2017-10-25: 2420000 | Не продано</div><div>2017-08-23: 2420000 | Не продано</div><div>2017-06-07: 3221000 | Не продано</div><div>2017-04-20: 3221000 | Не продано</div><div>2017-03-03: 3221000 | Не продано</div><p>г.москва,адмиралалазареваул.,д.40,2ком., пл. 50.2, кв. 87,2/3доли</p>","Не продано, 2017, 5",2
55.639629,37.510844,"<div>2017-11-29: 4481000 | 4481000</div><div>2017-09-20: 4917000 | Не продано</div><div>2017-07-26: 4917000 | Не продано</div><div>2017-05-31: 4917000 | Не продано</div><p>г.москва,академикаарцимовичаул.,д.20,1ком., пл. 33.0, кв. 50</p>","4.481.000, 2017, 4",1
55.711508,37.793687,"<div>2017-05-17: 5490000 | 5929200</div><div>2017-02-17: 5635000 | Не продано</div><p>г.москва,академикаскрябинаул.,д.16,кор.2,2ком., пл. 44.5, кв. 92</p>","5.929.200, 2017, 2",2
55.802771,37.510709,"<div>2019-12-30: 6966000 | 7732260</div><p>г.москва,алабянаул.,д.3,кор.3,1ком., пл. 29.7, кв. 205</p>","7.732.260, 2019, 1",1
55.802771,37.510709,"<div>2018-08-22: 5495000 | 5989550</div><div>2018-06-20: 5495000 | Не продано</div><p>г.москва,алабянаул.,д.3,кор.3,1ком., пл. 29.9, кв. 280</p>","5.989.550, 2018, 2",1
55.802771,37.510709,"<div>2017-09-20: 7404000 | 8218440</div><div>2017-07-12: 8589000 | Не продано</div><div>2017-05-17: 8589000 | Не продано</div><p>г.москва,алабянаул.,д.3,кор.3,2ком., пл. 43.0, кв. 278</p>","8.218.440, 2017, 3",2
55.902727,37.589123,"<div>2018-06-20: 4914000 | 5405400</div><p>г.москва,алтуфьевскоешоссе,д.96,1ком., пл. 38.0, кв. 183</p>","5.405.400, 2018, 1",1
55.853001,37.657206,"<div>2017-08-09: 3981000 | 5294730</div><p>г.москва,амундсенаул.,д.10,1ком., пл. 32.5, кв. 8</p>","5.294.730, 2017, 1",1
55.88044,37.707916,"<div>2018-06-20: 4578000 | 5585160</div><div>2018-03-14: 5078000 | Не продано</div><div>2017-12-20: 5078000 | Не продано</div><div>2017-10-11: 5800000 | Не продано</div><div>2017-08-09: 5800000 | Не продано</div><p>г.москва,анадырскийпроезд,д.63,2ком., пл. 44.7, кв. 303</p>","5.585.160, 2018, 5",2
55.802209,37.609757,"<div>2017-06-07: 2036000 | 2036000</div><div>2017-04-20: 2036000 | Не продано</div><p>г.москва,анненскаяул.,д.4,2ком., пл. 43.5, кв. 65,1/2доля</p>","2.036.000, 2017, 2",2
55.749689,37.592959,"<div>2020-02-26: 24708000 | Аукцион</div><div>2019-12-30: 24708000 | Не продано</div><p>г.москва,арбатул.,д.31,2ком., пл. 64.6, кв. 11</p>","Аукцион, 2020, 2",2
55.667818,37.545662,"<div>2018-09-26: 7587000 | 7587000</div><p>г.москва,архитекторавласоваул.,д.41,2ком., пл. 44.0, кв. 194</p>","7.587.000, 2018, 1",2
55.808776,37.634065,"<div>2017-04-07: 6714000 | 6714000</div><div>2017-01-21: 6915000 | Не продано</div><p>г.москва,б.марьинскаяул.,д.19,2ком., пл. 37.0, кв. 43</p>","6.714.000, 2017, 2",2
55.818255,37.795493,"<div>2017-11-29: 5255000 | Не продано</div><div>2017-10-11: 5255000 | Не продано</div><p>г.москва,байкальскаяул.,д.17,кор.3,2ком., пл. 42.2, кв. 106</p>","Не продано, 2017, 2",2
55.775368,37.68624,"<div>2017-04-07: 5438000 | 5438000</div><div>2017-01-21: 5438000 | Не продано</div><p>г.москва,бакунинскаяул.,д.32-36,кор.1,1ком., пл. 26.2, кв. 27</p>","5.438.000, 2017, 2",1
55.640421,37.61026,"<div>2017-08-30: 5641000 | 6205100</div><p>г.москва,балаклавскийпросп.,д.5,1ком., пл. 38.3, кв. 118</p>","6.205.100, 2017, 1",1
55.771479,37.660215,"<div>2019-10-30: 17725000 | 17725000</div><p>г.москва,басманныйпер.,д.9,2ком., пл. 70.1, кв. 40</p>","17.725.000, 2019, 1",2
55.642728,37.713036,"<div>2019-12-30: 6959000 | 7098180</div><div>2019-09-25: 7347000 | Не продано</div><div>2019-07-24: 7347000 | Не продано</div><p>г.москва,батайскийпр.,д.5,2ком., пл. 51.0, кв. 213</p>","7.098.180, 2019, 3",2
55.644008,37.712542,"<div>2019-01-23: 1953000 | 1953000</div><p>г.москва,батайскийпр.,д.9,3ком., пл. 57.8, кв. 120,комната№1жилойплощадью12,5</p>","1.953.000, 2019, 1",3
55.780102,37.559164,"<div>2019-06-26: 7273000 | 8145760</div><div>2019-02-20: 8085000 | Не продано</div><div>2018-12-26: 8085000 | Не продано</div><div>2018-10-10: 8279000 | Не продано</div><div>2018-07-25: 8279000 | Не продано</div><p>г.москва,беговаяул.,д.24,2ком., пл. 43.8, кв. 39</p>","8.145.760, 2019, 5",2
55.780102,37.559164,"<div>2019-05-29: 10119000 | 10119000</div><p>г.москва,беговаяул.,д.24,2ком., пл. 52.6, кв. 38</p>","10.119.000, 2019, 1",2
55.896171,37.618498,"<div>2017-09-20: 4367000 | 4367000</div><div>2017-07-12: 4682000 | Не продано</div><div>2017-05-17: 4682000 | Не продано</div><div>2017-01-21: 5001000 | Не продано</div><p>г.москва,белозерскаяул.,д.17,1ком., пл. 35.8, кв. 103</p>","4.367.000, 2017, 4",1
55.865738,37.474381,"<div>2019-06-26: 10353000 | 11388300</div><p>г.москва,беломорскаяул.,д.13,кор.1,2ком., пл. 56.9, кв. 517</p>","11.388.300, 2019, 1",2
55.864808,37.470365,"<div>2017-09-20: 4761000 | 4761000</div><div>2017-07-12: 4926000 | Не продано</div><div>2017-05-17: 4926000 | Не продано</div><p>г.москва,беломорскаяул.,д.5,кор.1,1ком., пл. 34.6, кв. 188</p>","4.761.000, 2017, 3",1
55.867632,37.469476,"<div>2018-02-21: 3161000 | 4520230</div><div>2017-11-08: 3799000 | Не продано</div><p>г.москва,беломорскаяул.,д.7,кор.3,1ком., пл. 31.4, кв. 1</p>","4.520.230, 2018, 2",1
55.867632,37.469476,"<div>2018-02-21: 4082000 | 5265780</div><div>2017-11-08: 5014000 | Не продано</div><div>2017-09-13: 5014000 | Не продано</div><p>г.москва,беломорскаяул.,д.7,кор.3,2ком., пл. 36.7, кв. 26</p>","5.265.780, 2018, 3",2
55.86157,37.46944,"<div>2018-05-23: 5981000 | 6339860</div><p>г.москва,беломорскаяул.,д.8,кор.1,1ком., пл. 37.6, кв. 122</p>","6.339.860, 2018, 1",1
55.871683,37.555184,"<div>2020-02-26: 5369000 | Аукцион</div><p>г.москва,бескудниковскийб-р,д.32,кор.3,1ком., пл. 31.8, кв. 20</p>","Аукцион, 2020, 1",1
55.583515,37.674849,"<div>2017-07-12: 4304000 | 4304000</div><div>2017-05-17: 4304000 | Не продано</div><div>2017-01-21: 4428000 | Не продано</div><p>г.москва,бирюлевскаяул.,д.49,кор.4,1ком., пл. 39.4, кв. 994</p>","4.304.000, 2017, 3",1
55.771454,37.583095,"<div>2017-08-30: 14471000 | Не продано</div><p>г.москва,большаягрузинскаяул.,д.57,2ком., пл. 50.2, кв. 90</p>","Не продано, 2017, 1",2
55.771413,37.583266,"<div>2018-04-04: 12247000 | 12247000</div><div>2018-01-24: 12247000 | Не продано</div><div>2017-10-25: 14471000 | Не продано</div><p>г.москва,большаягрузинскаяул.,д.57,стр.1,2ком., пл. 50.2, кв. 90</p>","12.247.000, 2018, 3",2
55.714942,37.857027,"<div>2019-09-25: 5800000 | 5800000</div><p>г.москва,большаякосинскаяул.,д.24,2ком., пл. 42.7, кв. 87</p>","5.800.000, 2019, 1",2
55.793895,37.686338,"<div>2017-08-23: 12362000 | 12485620</div><p>г.москва,большаяостроумовскаяул.,д.11,кор.3,3ком., пл. 72.7, кв. 47</p>","12.485.620, 2017, 1",3
55.785326,37.640542,"<div>2017-09-20: 10243000 | 12394030</div><div>2017-07-12: 14670000 | Не продано</div><div>2017-05-17: 14670000 | Не продано</div><p>г.москва,большаяпереяславскаяул.,д.13,2ком., пл. 71.4, кв. 75</p>","12.394.030, 2017, 3",2
55.724682,37.624822,"<div>2017-10-25: 7219000 | 8229660</div><div>2017-08-09: 8928000 | Не продано</div><div>2017-06-21: 8928000 | Не продано</div><p>г.москва,большаясерпуховскаяул.,д.34,кор.4,1ком., пл. 37.9, кв. 41</p>","8.229.660, 2017, 3",1
55.737983,37.463871,"<div>2019-05-29: 5944000 | 6716720</div><p>г.москва,большаяфилёвскаяул.,д.59,кор.2,1ком., пл. 30.3, кв. 7</p>","6.716.720, 2019, 1",1
55.798495,37.736707,"<div>2017-01-21: 4444000 | 4444000</div><p>г.москва,большаячеркизовскаяул.,д.24,кор.1,1ком., пл. 32.8, кв. 49</p>","4.444.000, 2017, 1",1
55.795003,37.718848,"<div>2017-10-11: 5261000 | 6734080</div><div>2017-07-26: 6509000 | Не продано</div><div>2017-05-31: 6509000 | Не продано</div><div>2017-04-07: 6509000 | Не продано</div><p>г.москва,большаячеркизовскаяул.,д.4,кор.4,2ком., пл. 39.3, кв. 70</p>","6.734.080, 2017, 4",2
55.797463,37.720609,"<div>2017-03-03: 5979000 | 6038790</div><p>г.москва,большаячеркизовскаяул.,д.5,кор.1,2ком., пл. 39.8, кв. 134</p>","6.038.790, 2017, 1",2
55.794315,37.720394,"<div>2017-11-29: 3842000 | 4495140</div><p>г.москва,большаячеркизовскаяул.,д.6,кор.5,1ком., пл. 30.5, кв. 42</p>","4.495.140, 2017, 1",1
55.79393,37.721148,"<div>2019-10-30: 5752000 | 6902400</div><p>г.москва,большаячеркизовскаяул.,д.6,кор.7,1ком., пл. 35.1, кв. 89</p>","6.902.400, 2019, 1",1
55.79393,37.721148,"<div>2018-08-22: 5575000 | 6578500</div><p>г.москва,большаячеркизовскаяул.,д.6,кор.7,2ком., пл. 37.9, кв. 18</p>","6.578.500, 2018, 1",2
55.641493,37.774481,"<div>2017-02-17: 4427000 | 4825430</div><p>г.москва,борисовскиепрудыул.,д.48,кор.2,1ком., пл. 38.2, кв. 495</p>","4.825.430, 2017, 1",1
55.627397,37.718471,"<div>2020-01-29: 7723000 | Не продано</div><p>г.москва,борисовскийпр-д,д.9,кор.3,2ком., пл. 51.7, кв. 569</p>","Не продано, 2020, 1",2
55.618273,37.726313,"<div>2018-02-21: 1158000 | 1412760</div><p>г.москва,борисовскийпр.,д.36,кор.1,3ком., пл. 58.9, кв. 179,комната№1жилойплощадью10,3</p>","1.412.760, 2018, 1",3
55.749562,37.791648,"<div>2018-09-26: 4838000 | 4886380</div><p>г.москва,братскаяул.,д.19,кор.1,1ком., пл. 33.1, кв. 66</p>","4.886.380, 2018, 1",1
55.763412,37.729655,"<div>2019-11-27: 5398000 | 5505960</div><div>2019-09-25: 5398000 | Не продано</div><p>г.москва,бураковаул.,д.11,1ком., пл. 35.2, кв. 14</p>","5.505.960, 2019, 2",1
55.651201,37.528711,"<div>2019-04-24: 10354000 | 11596480</div><p>г.москва,бутлероваул.,д.14,кор.1,2ком., пл. 54.7, кв. 64</p>","11.596.480, 2019, 1",2
55.784344,37.587614,"<div>2017-08-09: 7774000 | 7774000</div><div>2017-06-07: 9302000 | Не продано</div><div>2017-04-20: 9302000 | Не продано</div><div>2017-03-03: 9302000 | Не продано</div><p>г.москва,бутырскийвалул.,д.34,2ком., пл. 46.7, кв. 24</p>","7.774.000, 2017, 4",2
55.701861,37.580679,"<div>2018-04-04: 6767000 | 6767000</div><p>г.москва,вавиловаул.,д.17,1ком., пл. 33.9, кв. 153</p>","6.767.000, 2018, 1",1
55.692851,37.562766,"<div>2019-06-26: 9773000 | 9773000</div><p>г.москва,вавиловаул.,д.46,2ком., пл. 45.1, кв. 71</p>","9.773.000, 2019, 1",2
55.677072,37.546192,"<div>2018-02-21: 11060000 | 11060000</div><div>2017-11-29: 11060000 | Не продано</div><div>2017-09-13: 13156000 | Не продано</div><div>2017-07-26: 13156000 | Не продано</div><div>2017-05-31: 13156000 | Не продано</div><p>г.москва,вавиловаул.,д.91,кор.1,2ком., пл. 54.2, кв. 56</p>","11.060.000, 2018, 5",2
55.864939,37.468533,"<div>2017-01-21: 4906000 | 4906000</div><p>г.москва,валдайскийпр.,д.4,1ком., пл. 34.4, кв. 65</p>","4.906.000, 2017, 1",1
55.869577,37.46467,"<div>2019-05-29: 5478000 | 5478000</div><div>2019-03-27: 5478000 | Не продано</div><p>г.москва,валдайскийпроезд,д.11,1ком., пл. 30.8, кв. 6</p>","5.478.000, 2019, 2",1
55.6043,37.604259,"<div>2018-03-14: 4901000 | 4901000</div><p>г.москва,варшавскоеш.,д.144,кор.2,1ком., пл. 37.6, кв. 400</p>","4.901.000, 2018, 1",1
55.633384,37.532852,"<div>2018-04-04: 6038000 | 6581420</div><p>г.москва,введенскогоул.,д.31,кор.1,2ком., пл. 46.9, кв. 38</p>","6.581.420, 2018, 1",2
55.711579,37.485286,"<div>2018-11-14: 5102000 | 5306080</div><p>г.москва,веернаяул.,д.40,кор.4,1ком., пл. 32.8, кв. 167</p>","5.306.080, 2018, 1",1
55.709617,37.474695,"<div>2017-05-17: 7449000 | 8193900</div><p>г.москва,веернаяул.,д.7,кор.1,2ком., пл. 55.2, кв. 87</p>","8.193.900, 2017, 1",2
55.666452,37.755724,"<div>2018-08-22: 4647000 | 5622870</div><div>2018-05-23: 5106000 | Не продано</div><div>2018-02-21: 5106000 | Не продано</div><p>г.москва,верхниеполяул.,д.28,1ком., пл. 38.7, кв. 298</p>","5.622.870, 2018, 3",1
55.797665,37.557134,"<div>2018-11-14: 10664000 | 11943680</div><p>г.москва,верхняямасловкаул.,д.27,кор.2,2ком., пл. 52.6, кв. 186</p>","11.943.680, 2018, 1",2
55.733254,37.830635,"<div>2019-04-24: 4786000 | 5551760</div><p>г.москва,вешняковскаяул.,д.21/26,1ком., пл. 34.8, кв. 61</p>","5.551.760, 2019, 1",1
55.739098,37.82264,"<div>2019-11-27: 5159000 | Не продано</div><div>2019-09-25: 5159000 | Не продано</div><p>г.москва,вешняковскаяул.,д.5,кор.4,3ком., пл. 40.3, кв. 215,комнаты1,2жилойплощадью40,3</p>","Не продано, 2019, 2",3
55.864015,37.431873,"<div>2017-12-20: 4100000 | 5781000</div><p>г.москва,вилисалацисаул.,д.1,кор.1,1ком., пл. 34.0, кв. 111</p>","5.781.000, 2017, 1",1
55.818023,37.515425,"<div>2018-02-21: 5085000 | 5237550</div><div>2017-11-08: 5944000 | Не продано</div><div>2017-09-13: 5944000 | Не продано</div><p>г.москва,вокзальныйпер.,д.10,1ком., пл. 34.7, кв. 21</p>","5.237.550, 2018, 3",1
55.707167,37.760243,"<div>2017-07-12: 4347000 | 4433940</div><p>г.москва,волгоградскийпр-т,д.113,кор.2,1ком., пл. 30.5, кв. 11</p>","4.433.940, 2017, 1",1
55.702647,37.792016,"<div>2018-02-21: 3989000 | 3989000</div><p>г.москва,волгоградскийпр-т,д.175/32,1ком., пл. 31.8, кв. 53</p>","3.989.000, 2018, 1",1
55.698142,37.751287,"<div>2018-02-21: 1532000 | 1945640</div><p>г.москва,волжскийб-р,д.48,4ком., пл. 99.4, кв. 15,комната№4жилойплощадью15,5</p>","1.945.640, 2018, 1",4
55.710595,37.743884,"<div>2018-03-14: 4335000 | 4335000</div><p>г.москва,волжскийбульвар,д.20,1ком., пл. 32.7, кв. 153</p>","4.335.000, 2018, 1",1
55.810081,37.492473,"<div>2019-10-30: 5788000 | 6251040</div><div>2019-07-24: 5995000 | Не продано</div><div>2019-04-24: 5995000 | Не продано</div><div>2019-01-23: 6170000 | Не продано</div><div>2018-11-14: 6170000 | Не продано</div><p>г.москва,волоколамскоеш.,д.16,1ком., пл. 32.4, кв. 13</p>","6.251.040, 2019, 5",1
55.77273,37.684093,"<div>2018-07-25: 5412000 | 7252080</div><p>г.москва,волховскийпер.,д.2,1ком., пл. 34.9, кв. 78</p>","7.252.080, 2018, 1",1
55.61118,37.757754,"<div>2017-03-03: 4411000 | 4763880</div><p>г.москва,воронежскаяул.,д.52,кор.1,1ком., пл. 37.5, кв. 400</p>","4.763.880, 2017, 1",1
55.813931,37.462748,"<div>2018-10-10: 5671000 | 5671000</div><div>2018-08-22: 5671000 | Не продано</div><p>г.москва,врачебныйпроезд,д.8,кор.2,2ком., пл. 33.9, кв. 9</p>","5.671.000, 2018, 2",2
55.805149,37.49939,"<div>2018-02-21: 5472000 | 5800320</div><div>2017-11-08: 6689000 | Не продано</div><p>г.москва,врубеляул.,д.10,2ком., пл. 42.9, кв. 21</p>","5.800.320, 2018, 2",2
55.803929,37.498078,"<div>2019-11-27: 8851000 | 8851000</div><p>г.москва,врубеляул.,д.13,2ком., пл. 38.2, кв. 17</p>","8.851.000, 2019, 1",2
56.000517,37.213546,"<div>2018-12-26: 4278000 | 4834140</div><p>г.москва,г.зеленоград,кор.311,1ком., пл. 38.0, кв. 17</p>","4.834.140, 2018, 1",1
55.99583,37.220625,"<div>2018-03-14: 3485000 | 4286550</div><p>г.москва,г.зеленоград,кор.331,1ком., пл. 34.5, кв. 16</p>","4.286.550, 2018, 1",1
55.998322,37.202084,"<div>2019-11-27: 5054000 | 5104540</div><p>г.москва,г.зеленоград,кор.419,1ком., пл. 37.9, кв. 191</p>","5.104.540, 2019, 1",1
55.997326,37.235034,"<div>2019-08-28: 4826000 | 4826000</div><div>2019-06-26: 4826000 | Не продано</div><p>г.москва,г.зеленоград,кор.513,1ком., пл. 36.4, кв. 97</p>","4.826.000, 2019, 2",1
55.988706,37.231512,"<div>2018-03-14: 3176000 | 3715920</div><div>2017-11-29: 3412000 | Не продано</div><div>2017-09-20: 3412000 | 3412000</div><div>2017-07-12: 3897000 | Не продано</div><div>2017-05-17: 3897000 | Не продано</div><p>г.москва,г.зеленоград,кор.613,1ком., пл. 34.9, кв. 260</p>","3.715.920, 2018, 5",1
56.008148,37.206,"<div>2019-05-29: 3847000 | 4039350</div><div>2019-03-27: 3847000 | Не продано</div><p>г.москва,г.зеленоград,корп.148,1ком., пл. 32.2, кв. 36</p>","4.039.350, 2019, 2",1
55.99943,37.211363,"<div>2019-01-23: 3903000 | 4254270</div><p>г.москва,г.зеленоград,корп.301б,1ком., пл. 33.3, кв. 30</p>","4.254.270, 2019, 1",1
55.994607,37.21051,"<div>2019-10-30: 4956000 | 4956000</div><p>г.москва,г.зеленоград,корп.457,1ком., пл. 39.2, кв. 106</p>","4.956.000, 2019, 1",1
55.507713,37.571471,"<div>2018-12-26: 3807000 | 3807000</div><p>г.москва,г.щербинка,симферопольскаяул.,д.4а,1ком., пл. 30.1, кв. 11</p>","3.807.000, 2018, 1",1
55.592418,37.604178,"<div>2017-10-11: 4048000 | 4128960</div><p>г.москва,газопроводул.,д.3,кор.1,1ком., пл. 34.6, кв. 840</p>","4.128.960, 2017, 1",1
55.798348,37.465856,"<div>2017-11-08: 4711000 | 4711000</div><p>г.москва,гамалеиул.,д.2,1ком., пл. 29.8, кв. 122</p>","4.711.000, 2017, 1",1
55.67694,37.539266,"<div>2019-11-27: 16335000 | 18295200</div><p>г.москва,гарибальдиул.,д.11,3ком., пл. 73.1, кв. 355</p>","18.295.200, 2019, 1",3
55.672864,37.540596,"<div>2018-09-26: 5880000 | 6174000</div><p>г.москва,гарибальдиул.,д.16,кор.2,1ком., пл. 30.4, кв. 31</p>","6.174.000, 2018, 1",1
55.784005,37.461643,"<div>2019-08-28: 7143000 | 7285860</div><p>г.москва,генералаглаголеваул.,д.19,кор.1,1ком., пл. 33.0, кв. 139</p>","7.285.860, 2019, 1",1
55.617739,37.488907,"<div>2017-08-23: 3728000 | 4660000</div><div>2017-06-07: 4965000 | Не продано</div><div>2017-04-20: 4965000 | Не продано</div><div>2017-03-03: 4965000 | Не продано</div><p>г.москва,генералатюленеваул.,д.27,1ком., пл. 35.0, кв. 18</p>","4.660.000, 2017, 4",1
55.734466,37.485538,"<div>2017-11-08: 4258000 | Не продано</div><p>г.москва,герасимакуринаул.,д.4,кор.3,1ком., пл. 30.3, кв. 49</p>","Не продано, 2017, 1",1
55.856376,37.417257,"<div>2017-08-09: 4287000 | 4458480</div><p>г.москва,героевпанфиловцевул.,д.27,кор.3,1ком., пл. 31.7, кв. 348</p>","4.458.480, 2017, 1",1
55.85392,37.440685,"<div>2018-06-20: 6887000 | 7988920</div><p>г.москва,героевпанфиловцевул.,д.6,кор.1,3ком., пл. 58.7, кв. 93</p>","7.988.920, 2018, 1",3
55.81779,37.863792,"<div>2020-02-26: 6713000 | Аукцион</div><div>2019-11-27: 6893000 | Не продано</div><div>2019-09-25: 6893000 | Не продано</div><div>2019-05-29: 7272000 | Не продано</div><div>2019-03-27: 7272000 | Не продано</div><p>г.москва,главнаяул.,д.6,2ком., пл. 63.0, кв. 17</p>","Аукцион, 2020, 5",2
55.717655,37.390254,"<div>2018-02-21: 3639000 | 4148460</div><p>г.москва,говороваул.,д.11,кор.1,1ком., пл. 32.4, кв. 171</p>","4.148.460, 2018, 1",1
55.604142,37.515685,"<div>2019-03-27: 4959000 | 5355720</div><p>г.москва,голубинскаяул.,д.7,кор.5,1ком., пл. 32.7, кв. 299</p>","5.355.720, 2019, 1",1
55.603151,37.512829,"<div>2017-10-25: 4130000 | 4501700</div><div>2017-08-23: 4130000 | Не продано</div><div>2017-06-07: 4445000 | Не продано</div><div>2017-04-20: 4445000 | Не продано</div><p>г.москва,голубинскаяул.,д.9,1ком., пл. 32.6, кв. 647</p>","4.501.700, 2017, 4",1
55.603151,37.512829,"<div>2020-01-29: 8993000 | Не продано</div><p>г.москва,голубинскаяул.,д.9,3ком., пл. 59.0, кв. 49</p>","Не продано, 2020, 1",3
55.777606,37.710611,"<div>2017-06-07: 9575000 | Не продано</div><div>2017-04-07: 9575000 | Не продано</div><p>г.москва,гольяновскийпр-д,д.4а,2ком., пл. 61.77, кв. 175</p>","Не продано, 2017, 2",2
55.777094,37.709731,"<div>2017-12-20: 7953000 | 7953000</div><div>2017-10-11: 8967000 | Не продано</div><div>2017-08-09: 8967000 | Не продано</div><p>г.москва,гольяновскийпр-д,д.4а,стр.1,2ком., пл. 61.77, кв. 175</p>","7.953.000, 2017, 3",2
55.721447,37.3879,"<div>2018-06-20: 4802000 | 4802000</div><div>2018-02-21: 4982000 | Не продано</div><div>2017-11-29: 4982000 | Не продано</div><p>г.москва,горбуноваул.,д.9,кор.4,1ком., пл. 40.4, кв. 39</p>","4.802.000, 2018, 3",1
55.773196,37.710988,"<div>2019-02-20: 6104000 | 6226080</div><p>г.москва,госпитальныйвалул.,д.18/1,1ком., пл. 31.8, кв. 45</p>","6.226.080, 2019, 1",1
55.71912,37.734012,"<div>2019-02-20: 5093000 | 5958810</div><p>г.москва,грайвороновскаяул.,д.16,кор.2,1ком., пл. 34.9, кв. 70</p>","5.958.810, 2019, 1",1
55.890608,37.663171,"<div>2020-01-29: 6845000 | 7255700</div><p>г.москва,грековаул.,д.16,1ком., пл. 37.2, кв. 69</p>","7.255.700, 2020, 1",1
55.708237,37.640812,"<div>2019-08-28: 6112000 | 6600960</div><p>г.москва,даниловскаянаб.,д.6,кор.1,1ком., пл. 31.6, кв. 60</p>","6.600.960, 2019, 1",1
55.871168,37.635449,"<div>2017-09-20: 4618000 | 4895080</div><div>2017-07-12: 5060000 | Не продано</div><div>2017-05-17: 5060000 | Не продано</div><p>г.москва,дежневапр.,д.24,2ком., пл. 38.5, кв. 70</p>","4.895.080, 2017, 3",2
55.872632,37.634218,"<div>2017-12-20: 4896000 | 5728320</div><p>г.москва,дежнёвапроезд,д.22,кор.4,1ком., пл. 37.1, кв. 95</p>","5.728.320, 2017, 1",1
55.858715,37.617105,"<div>2018-12-26: 1146000 | 1146000</div><div>2018-09-26: 1146000 | Не продано</div><p>г.москва,декабристовул.,д.36,3ком., пл. 61.8, кв. 92,1/5доля</p>","1.146.000, 2018, 2",3
55.857917,37.617339,"<div>2017-03-17: 4447000 | 4758290</div><p>г.москва,декабристовул.,д.36б,1ком., пл. 35.2, кв. 213</p>","4.758.290, 2017, 1",1
55.778821,37.490793,"<div>2018-06-20: 5802000 | 6498240</div><div>2018-03-14: 6344000 | Не продано</div><div>2017-12-20: 6344000 | Не продано</div><p>г.москва,демьянабедногоул.,д.20,кор.5,2ком., пл. 42.9, кв. 49</p>","6.498.240, 2018, 3",2
55.810744,37.578496,"<div>2017-10-25: 4896000 | 5679360</div><div>2017-08-09: 5667000 | Не продано</div><div>2017-06-21: 5667000 | Не продано</div><div>2017-04-07: 5786000 | Не продано</div><div>2017-02-17: 5786000 | Не продано</div><p>г.москва,дмитровскоеш.,д.1,кор.1,1ком., пл. 35.4, кв. 73</p>","5.679.360, 2017, 5",1
55.621292,37.600495,"<div>2018-11-14: 6402000 | 6402000</div><p>г.москва,днепропетровскаяул.,д.5,кор.3,2ком., пл. 44.1, кв. 116</p>","6.402.000, 2018, 1",2
55.7739,37.644441,"<div>2020-02-26: 8832000 | Аукцион</div><p>г.москва,докучаевпер.,д.15,1ком., пл. 34.3, кв. 108</p>","Аукцион, 2020, 1",1
55.606929,37.71018,"<div>2017-11-29: 4215000 | 4847250</div><div>2017-09-13: 5761000 | Не продано</div><div>2017-07-26: 5761000 | Не продано</div><div>2017-05-31: 5761000 | Не продано</div><p>г.москва,домодедовскаяул.,д.24,кор.1,1ком., пл. 36.0, кв. 517</p>","4.847.250, 2017, 4",1
55.649312,37.717842,"<div>2020-01-29: 5343000 | 5770440</div><div>2019-09-25: 5722000 | Не продано</div><div>2019-07-24: 5722000 | Не продано</div><p>г.москва,донецкаяул.,д.15,1ком., пл. 39.1, кв. 139</p>","5.770.440, 2020, 3",1
55.842974,37.457412,"<div>2017-10-25: 5880000 | 7173600</div><p>г.москва,досфлотапроезд,д.7,2ком., пл. 52.5, кв. 57</p>","7.173.600, 2017, 1",2
55.870314,37.565398,"<div>2018-05-23: 4669000 | 4762380</div><p>г.москва,дубнинскаяул.,д.20,кор.3,1ком., пл. 32.8, кв. 350</p>","4.762.380, 2018, 1",1
55.868501,37.48817,"<div>2018-05-23: 7542000 | 8145360</div><div>2018-02-21: 7542000 | Не продано</div><div>2017-11-08: 7968000 | Не продано</div><p>г.москва,дыбенкоул.,д.2,кор.1,2ком., пл. 53.7, кв. 14</p>","8.145.360, 2018, 3",2
55.60695,37.734497,"<div>2018-03-14: 4356000 | 4486680</div><p>г.москва,елецкаяул.,д.17,кор.1,1ком., пл. 34.6, кв. 66</p>","4.486.680, 2018, 1",1
55.738804,37.422773,"<div>2019-01-23: 9772000 | 10553760</div><p>г.москва,ельнинскаяул.,д.20,кор.1,2ком., пл. 53.7, кв. 3</p>","10.553.760, 2019, 1",2
55.577897,37.665596,"<div>2017-08-09: 4134000 | 4134000</div><div>2017-06-21: 4134000 | Не продано</div><p>г.москва,загорьевскийпр.,д.5,кор.1,1ком., пл. 39.1, кв. 46</p>","4.134.000, 2017, 2",1
55.621724,37.756632,"<div>2017-05-17: 4625000 | 4995000</div><div>2017-02-17: 4857000 | Не продано</div><p>г.москва,задонскийпр.,д.30,кор.1,1ком., пл. 39.0, кв. 82</p>","4.995.000, 2017, 2",1
55.759137,37.574004,"<div>2019-06-26: 7530000 | 8584200</div><p>г.москва,замореноваул.,д.5,стр.1,1ком., пл. 30.3, кв. 33</p>","8.584.200, 2019, 1",1
55.678458,37.682287,"<div>2017-10-11: 4581000 | 5497200</div><p>г.москва,затоннаяул.,д.8,кор.2,1ком., пл. 32.7, кв. 53</p>","5.497.200, 2017, 1",1
55.678458,37.682287,"<div>2018-06-20: 5692000 | 6830400</div><p>г.москва,затоннаяул.,д.8,кор.2,2ком., пл. 38.8, кв. 128</p>","6.830.400, 2018, 1",2
55.877486,37.487137,"<div>2020-02-26: 8942000 | Аукцион</div><div>2019-11-27: 8942000 | Не продано</div><p>г.москва,зеленоградскаяул.,д.39,кор.1,2ком., пл. 50.9, кв. 71</p>","Аукцион, 2020, 2",2
55.714475,37.787282,"<div>2017-11-29: 4591000 | 4591000</div><div>2017-10-11: 4591000 | Не продано</div><div>2017-07-26: 4925000 | Не продано</div><div>2017-05-31: 4925000 | Не продано</div><div>2017-04-07: 4925000 | Не продано</div><p>г.москва,зеленодольскаяул.,д.7,кор.1,1ком., пл. 35.0, кв. 90</p>","4.591.000, 2017, 5",1
55.750403,37.820556,"<div>2018-07-25: 5162000 | 5316860</div><p>г.москва,зеленыйпр-т,д.62,кор.2,1ком., пл. 35.1, кв. 63</p>","5.316.860, 2018, 1",1
55.749815,37.821427,"<div>2017-08-23: 4988000 | 5137640</div><div>2017-06-07: 5896000 | Не продано</div><div>2017-04-20: 5896000 | Не продано</div><p>г.москва,зеленыйпр-т,д.64,2ком., пл. 42.4, кв. 73</p>","5.137.640, 2017, 3",2
55.749815,37.821427,"<div>2020-02-26: 7188000 | Аукцион</div><div>2019-12-30: 7188000 | Не продано</div><p>г.москва,зеленыйпросп.,д.64,2ком., пл. 41.7, кв. 68</p>","Аукцион, 2020, 2",2
55.75511,37.656523,"<div>2018-10-10: 11519000 | 11519000</div><div>2018-08-22: 11519000 | Не продано</div><div>2018-05-23: 14262000 | Не продано</div><p>г.москва,землянойвалул.,д.38-40/15,стр.9,2ком., пл. 50.4, кв. 103</p>","11.519.000, 2018, 3",2
55.804354,37.724175,"<div>2018-03-14: 5930000 | 5930000</div><p>г.москва,знаменскаяул.,д.53,2ком., пл. 40.1, кв. 51</p>","5.930.000, 2018, 1",2
55.81823,37.505552,"<div>2017-11-08: 9087000 | 9087000</div><p>г.москва,зоииалександракосмодемьянскихул.,д.6,2ком., пл. 53.3, кв. 40</p>","9.087.000, 2017, 1",2
55.76447,37.582206,"<div>2018-03-14: 8441000 | 9453920</div><p>г.москва,зоологическаяул.,д.12,кор.2,1ком., пл. 34.2, кв. 132</p>","9.453.920, 2018, 1",1
55.780087,37.731874,"<div>2019-04-24: 7628000 | 7628000</div><div>2019-02-20: 7628000 | Не продано</div><p>г.москва,ибрагимоваул.,д.2,2ком., пл. 45.1, кв. 147</p>","7.628.000, 2019, 2",2
55.86691,37.526681,"<div>2017-09-20: 4721000 | 4721000</div><div>2017-07-12: 5282000 | Не продано</div><div>2017-05-17: 5282000 | Не продано</div><div>2017-01-21: 5633000 | Не продано</div><p>г.москва,иванасусанинаул.,д.4,кор.2,2ком., пл. 45.1, кв. 242</p>","4.721.000, 2017, 4",2
55.796223,37.803811,"<div>2018-04-04: 5524000 | 6794520</div><p>г.москва,измайловскийбульвар,д.40,1ком., пл. 37.5, кв. 6</p>","6.794.520, 2018, 1",1
55.797852,37.769927,"<div>2017-04-07: 4823000 | 4823000</div><div>2017-02-17: 4823000 | Не продано</div><p>г.москва,измайловскийпр.,д.18,кор.1,1ком., пл. 35.0, кв. 71</p>","4.823.000, 2017, 2",1
55.878703,37.694783,"<div>2018-10-10: 4838000 | 4983140</div><div>2018-08-22: 4838000 | Не продано</div><p>г.москва,изумруднаяул.,д.50,1ком., пл. 32.8, кв. 78</p>","4.983.140, 2018, 2",1
55.891734,37.57819,"<div>2018-02-21: 4495000 | 4495000</div><div>2017-11-08: 5042000 | Не продано</div><p>г.москва,илимскаяул.,д.6,1ком., пл. 37.8, кв. 134</p>","4.495.000, 2018, 2",1
55.803079,37.538521,"<div>2017-03-03: 9322000 | Не продано</div><p>г.москва,ильюшинаакадемикаул.,д.1,3ком., пл. 54.5, кв. 211</p>","Не продано, 2017, 1",3
55.803079,37.538521,"<div>2017-09-13: 9070000 | 9070180</div><div>2017-06-07: 9322000 | Не продано</div><div>2017-04-20: 9322000 | Не продано</div><p>г.москва,ильюшинаакадемикаул.,д.1,кор.2,3ком., пл. 54.5, кв. 211</p>","9.070.180, 2017, 3",3
55.592953,37.548276,"<div>2017-03-03: 4932000 | 4932000</div><p>г.москва,инессыармандул.,д.3,1ком., пл. 35.1, кв. 233</p>","4.932.000, 2017, 1",1
55.591783,37.545078,"<div>2018-01-24: 3819000 | 4391850</div><div>2017-10-25: 4407000 | Не продано</div><div>2017-08-23: 4407000 | Не продано</div><div>2017-06-07: 4850000 | Не продано</div><div>2017-04-20: 4850000 | Не продано</div><p>г.москва,инессыармандул.,д.4,кор.1,1ком., пл. 33.0, кв. 210</p>","4.391.850, 2018, 5",1
55.717295,37.457097,"<div>2018-01-24: 6668000 | 6668000</div><p>г.москва,инициативнаяул.,д.8,кор.2,2ком., пл. 45.6, кв. 11</p>","6.668.000, 2018, 1",2
55.807243,37.420877,"<div>2019-04-24: 6597000 | 7388640</div><p>г.москва,исаковскогоул.,д.27,кор.2,1ком., пл. 39.0, кв. 86</p>","7.388.640, 2019, 1",1
55.806742,37.422647,"<div>2019-11-27: 9366000 | 9740640</div><p>г.москва,исаковскогоул.,д.27,кор.3,2ком., пл. 51.8, кв. 47</p>","9.740.640, 2019, 1",2
55.807476,37.416889,"<div>2018-08-22: 6697000 | 7165790</div><div>2018-05-23: 6892000 | Не продано</div><p>г.москва,исаковскогоул.,д.28,кор.1,2ком., пл. 45.7, кв. 41</p>","7.165.790, 2018, 2",2
55.86259,37.664258,"<div>2019-10-30: 4863000 | 5884230</div><p>г.москва,искрыул.,д.13,кор.1,1ком., пл. 29.8, кв. 243</p>","5.884.230, 2019, 1",1
55.82489,37.807117,"<div>2017-03-03: 4207000 | 4585630</div><p>г.москва,камчатскаяул.,д.5,1ком., пл. 34.7, кв. 135</p>","4.585.630, 2017, 1",1
55.638084,37.670088,"<div>2018-08-22: 5471000 | 5471000</div><p>г.москва,кантемировскаяул.,д.12,кор.2,1ком., пл. 38.0, кв. 81</p>","5.471.000, 2018, 1",1
55.775424,37.461122,"<div>2019-10-30: 8161000 | 8161000</div><p>г.москва,карамышевскаянаб.,д.60,1ком., пл. 39.4, кв. 2</p>","8.161.000, 2019, 1",1
55.858685,37.591126,"<div>2018-03-14: 4647000 | 5204640</div><div>2017-11-29: 5204000 | Не продано</div><div>2017-10-11: 5204000 | Не продано</div><div>2017-07-26: 5599000 | Не продано</div><div>2017-05-31: 5599000 | Не продано</div><div>2017-04-07: 5599000 | Не продано</div><p>г.москва,каргопольскаяул.,д.2,1ком., пл. 37.9, кв. 352</p>","5.204.640, 2018, 6",1
55.706766,37.869496,"<div>2017-04-07: 4124000 | 4124000</div><div>2017-02-17: 4124000 | Не продано</div><p>г.москва,каскаднаяул.,д.20,кор.2,1ком., пл. 34.9, кв. 15</p>","4.124.000, 2017, 2",1
55.653746,37.58093,"<div>2019-01-23: 4928000 | 5272960</div><div>2018-11-14: 4928000 | Не продано</div><p>г.москва,каховкаул.,д.10/12,кор.1,1ком., пл. 31.5, кв. 5</p>","5.272.960, 2019, 2",1
55.657875,37.564922,"<div>2017-08-09: 4781000 | 4781000</div><p>г.москва,каховкаул.,д.35,кор.2,1ком., пл. 35.1, кв. 161</p>","4.781.000, 2017, 1",1
55.662187,37.630499,"<div>2017-09-13: 7634000 | 9237140</div><div>2017-06-21: 7634000 | Не продано</div><p>г.москва,каширскоешоссе,д.16,2ком., пл. 57.7, кв. 219</p>","9.237.140, 2017, 2",2
55.626065,37.608239,"<div>2019-06-26: 6865000 | 7345550</div><p>г.москва,кировоградскаяул.,д.10,кор.2,2ком., пл. 45.2, кв. 139</p>","7.345.550, 2019, 1",2
55.626065,37.608239,"<div>2017-08-23: 6665000 | 7464800</div><p>г.москва,кировоградскаяул.,д.10,кор.2,3ком., пл. 55.5, кв. 278</p>","7.464.800, 2017, 1",3
55.618024,37.605957,"<div>2017-10-25: 5226000 | 5226000</div><p>г.москва,кировоградскаяул.,д.20,кор.1,1ком., пл. 37.0, кв. 112</p>","5.226.000, 2017, 1",1
55.67556,37.682503,"<div>2018-11-14: 6020000 | 6923000</div><p>г.москва,кленовыйбульвар,д.25,кор.1,2ком., пл. 38.0, кв. 18</p>","6.923.000, 2018, 1",2
55.888351,37.52227,"<div>2017-06-21: 4158000 | 4365900</div><p>г.москва,клязьминскаяул.,д.7,кор.2,1ком., пл. 37.6, кв. 331</p>","4.365.900, 2017, 1",1
55.725214,37.578496,"<div>2018-02-21: 9327000 | 14270310</div><p>г.москва,комсомольскийпр-т,д.30,2ком., пл. 43.2, кв. 84</p>","14.270.310, 2018, 1",2
55.846573,37.482376,"<div>2020-02-26: 5989000 | Аукцион</div><p>г.москва,конаковскийпр.,д.6,кор.1,1ком., пл. 32.5, кв. 12</p>","Аукцион, 2020, 1",1
55.889013,37.60337,"<div>2019-03-27: 5959000 | 6733670</div><p>г.москва,конёнковаул.,д.5,1ком., пл. 39.1, кв. 138</p>","6.733.670, 2019, 1",1
55.896236,37.633976,"<div>2019-09-25: 6954000 | 7023540</div><p>г.москва,корнейчукаул.,д.37,2ком., пл. 52.2, кв. 70</p>","7.023.540, 2019, 1",2
55.89348,37.624867,"<div>2018-02-21: 4411000 | 5116760</div><div>2017-11-08: 5193000 | Не продано</div><div>2017-09-13: 5193000 | Не продано</div><p>г.москва,корнейчукаул.,д.58а,2ком., пл. 44.1, кв. 178</p>","5.116.760, 2018, 3",2
55.820531,37.661734,"<div>2017-10-11: 5576000 | 5576000</div><div>2017-07-26: 6753000 | Не продано</div><div>2017-05-31: 6753000 | Не продано</div><div>2017-04-07: 6753000 | Не продано</div><p>г.москва,космонавтовул.,д.26,2ком., пл. 37.5, кв. 22</p>","5.576.000, 2017, 4",2
55.676864,37.488404,"<div>2018-11-14: 7348000 | 7641920</div><div>2018-08-22: 7561000 | Не продано</div><div>2018-07-04: 7561000 | Не продано</div><div>2018-04-04: 7959000 | Не продано</div><div>2018-01-24: 7959000 | Не продано</div><div>2017-10-25: 8616000 | Не продано</div><div>2017-08-23: 8616000 | Не продано</div><p>г.москва,коштоянцаул.,д.33,2ком., пл. 47.3, кв. 27</p>","7.641.920, 2018, 7",2
55.807542,37.706658,"<div>2017-11-08: 4686000 | 4686000</div><div>2017-08-09: 5100000 | Не продано</div><div>2017-06-21: 5100000 | Не продано</div><p>г.москва,краснобогатырскаяул.,д.75,кор.1,1ком., пл. 35.0, кв. 359</p>","4.686.000, 2017, 3",1
55.614338,37.597118,"<div>2018-11-14: 8128000 | 8128000</div><p>г.москва,красногомаякаул.,д.8,кор.2,3ком., пл. 56.0, кв. 443</p>","8.128.000, 2018, 1",3
55.676509,37.749697,"<div>2019-06-26: 6122000 | 6366880</div><p>г.москва,краснодонскаяул.,д.27,2ком., пл. 42.7, кв. 79</p>","6.366.880, 2019, 1",2
55.725635,37.435699,"<div>2018-07-04: 4913000 | 4913000</div><p>г.москва,красныхзорьул.,д.19/2,1ком., пл. 35.4, кв. 60</p>","4.913.000, 2018, 1",1
55.845471,37.494889,"<div>2019-09-25: 5940000 | 6831000</div><p>г.москва,кронштадтскийб-р,д.23,кор.1,1ком., пл. 34.7, кв. 77</p>","6.831.000, 2019, 1",1
55.85103,37.505696,"<div>2019-05-29: 5968000 | 5968000</div><div>2019-03-27: 5968000 | Не продано</div><p>г.москва,кронштадтскийбульвар,д.43,кор.2,2ком., пл. 37.9, кв. 104</p>","5.968.000, 2019, 2",2
55.684655,37.531586,"<div>2020-01-29: 7713000 | 8252910</div><p>г.москва,крупскойул.,д.6,кор.2,1ком., пл. 34.8, кв. 109</p>","8.252.910, 2020, 1",1
55.730304,37.422916,"<div>2017-07-12: 5612000 | Не продано</div><p>г.москва,кунцевскаяул.,д.1,1ком., пл. 37.6, кв. 57</p>","Не продано, 2017, 1",1
55.730304,37.422916,"<div>2017-08-30: 5612000 | 5668120</div><p>г.москва,кунцевскаяул.,д.1/5,1ком., пл. 37.6, кв. 57</p>","5.668.120, 2017, 1",1
55.734466,37.485538,"<div>2017-11-29: 2429000 | Не продано</div><p>г.москва,куринагерасимаул.,д.4,кор.3,3ком., пл. 55.3, кв. 5,1/2доля</p>","Не продано, 2017, 1",3
55.617429,37.756739,"<div>2017-11-29: 4266000 | 4607280</div><p>г.москва,кустанайскаяул.,д.7,кор.3,1ком., пл. 39.0, кв. 451</p>","4.607.280, 2017, 1",1
55.787189,37.511365,"<div>2019-11-27: 12145000 | Не продано</div><p>г.москва,куусиненаул.,д.19,кор.107,2ком., пл. 56.1, кв. 31</p>","Не продано, 2019, 1",2
55.787189,37.511365,"<div>2020-02-26: 10055000 | Аукцион</div><p>г.москва,куусиненаул.,д.19,кор.32ком., пл. 56.1, кв. 31</p>","Аукцион, 2020, 1",2
55.68361,37.72714,"<div>2018-11-14: 6610000 | 6610000</div><p>г.москва,кухмистероваул.,д.16,3ком., пл. 51.1, кв. 14</p>","6.610.000, 2018, 1",3
55.851505,37.504259,"<div>2017-09-20: 3985000 | 4104550</div><div>2017-07-12: 4382000 | Не продано</div><div>2017-05-17: 4382000 | Не продано</div><div>2017-02-17: 4478000 | Не продано</div><p>г.москва,лавочкинаул.,д.6,кор.2,1ком., пл. 32.6, кв. 216</p>","4.104.550, 2017, 4",1
55.586456,37.671328,"<div>2018-07-25: 4285000 | 4285000</div><p>г.москва,лебедянскаяул.,д.12,кор.1,1ком., пл. 39.2, кв. 383</p>","4.285.000, 2018, 1",1
55.585601,37.683805,"<div>2019-01-23: 1745000 | Не продано</div><p>г.москва,лебедянскаяул.,д.22,кор.1,3ком., пл. 73.2, кв. 514,комната№2жилойплощадью13,1</p>","Не продано, 2019, 1",3
55.585601,37.683805,"<div>2019-08-28: 1744000 | 1744000</div><p>г.москва,лебедянскаяул.,д.22,кор.1,3ком., пл. 73.2, кв. 514,комната№3жилойплощадью13,1</p>","1.744.000, 2019, 1",3
55.804951,37.512344,"<div>2020-01-29: 12941000 | 13458640</div><p>г.москва,ленинградскийпросп.,д.75,кор.1,2ком., пл. 60.0, кв. 30</p>","13.458.640, 2020, 1",2
55.80652,37.513844,"<div>2018-12-26: 7206000 | 7206000</div><div>2018-09-26: 7206000 | Не продано</div><p>г.москва,ленинградскийпросп.,д.78,кор.3,2ком., пл. 35.5, кв. 26</p>","7.206.000, 2018, 2",2
55.817092,37.50036,"<div>2019-04-24: 10668000 | 10668000</div><div>2019-01-23: 12779000 | Не продано</div><p>г.москва,ленинградскоеш.,д.8,кор.2,2ком., пл. 50.2, кв. 95</p>","10.668.000, 2019, 2",2
55.816642,37.498617,"<div>2017-05-17: 6359000 | 7185670</div><div>2017-01-21: 7341000 | Не продано</div><p>г.москва,ленинградскоеш.,д.9,кор.1,2ком., пл. 44.0, кв. 166</p>","7.185.670, 2017, 2",2
55.858438,37.473366,"<div>2017-04-07: 6358000 | 6358000</div><p>г.москва,ленинградскоеш.,д.98,кор.5,2ком., пл. 42.8, кв. 387</p>","6.358.000, 2017, 1",2
55.667213,37.513008,"<div>2017-07-12: 3943000 | 5165330</div><p>г.москва,ленинскийпр-т,д.110,кор.1,1ком., пл. 28.1, кв. 98</p>","5.165.330, 2017, 1",1
55.706168,37.578801,"<div>2018-07-25: 9731000 | 9731000</div><p>г.москва,ленинскийпр-т,д.41/2,2ком., пл. 48.5, кв. 418</p>","9.731.000, 2018, 1",2
55.897483,37.602795,"<div>2018-02-21: 5918000 | 6805700</div><div>2017-11-08: 6950000 | Не продано</div><div>2017-09-20: 6950000 | Не продано</div><div>2017-07-12: 7263000 | Не продано</div><div>2017-05-17: 7263000 | Не продано</div><p>г.москва,лесковаул.,д.12,2ком., пл. 52.2, кв. 42</p>","6.805.700, 2018, 5",2
55.893748,37.618282,"<div>2017-05-17: 4780000 | 5019000</div><div>2017-02-17: 4966000 | Не продано</div><p>г.москва,лесковаул.,д.21,1ком., пл. 39.0, кв. 66</p>","5.019.000, 2017, 2",1
55.784228,37.595941,"<div>2017-10-25: 6491000 | 7919020</div><p>г.москва,леснаяул.,д.63/43,стр.2,1ком., пл. 34.8, кв. 230</p>","7.919.020, 2017, 1",1
55.784228,37.595941,"<div>2017-08-09: 8529000 | Не продано</div><div>2017-06-21: 8529000 | Не продано</div><p>г.москва,леснаяул.,д.63/43,стр.2,1ком., пл. 35.3, кв. 230</p>","Не продано, 2017, 2",1
55.583306,37.679053,"<div>2020-01-29: 4972000 | 5220600</div><p>г.москва,липецкаяул.,д.40,1ком., пл. 37.8, кв. 437</p>","5.220.600, 2020, 1",1
55.678433,37.737902,"<div>2017-05-17: 1588000 | 1588000</div><div>2017-02-17: 1881000 | Не продано</div><p>г.москва,люблинскаяул.,д.52,стр.1,2ком., пл. 45.8, кв. 78,1/2доля</p>","1.588.000, 2017, 2",2
55.713699,37.621839,"<div>2018-08-22: 9583000 | 9583000</div><p>г.москва,люсиновскаяул.,д.72,2ком., пл. 49.9, кв. 40</p>","9.583.000, 2018, 1",2
55.863874,37.675011,"<div>2019-04-24: 5794000 | 5794000</div><p>г.москва,лётчикабабушкинаул.,д.16,кор.1,1ком., пл. 31.6, кв. 25</p>","5.794.000, 2019, 1",1
55.829492,37.667887,"<div>2019-09-25: 4757000 | 6374380</div><p>г.москва,малахитоваяул.,д.21,1ком., пл. 32.1, кв. 35</p>","6.374.380, 2019, 1",1
55.741764,37.590883,"<div>2019-12-30: 16297000 | 19719370</div><p>г.москва,малыйлевшинскийпер.,д.6-8,2ком., пл. 57.4, кв. 13</p>","19.719.370, 2019, 1",2
55.702729,37.742178,"<div>2018-06-20: 4685000 | 5387750</div><div>2018-01-24: 5165000 | Не продано</div><div>2017-10-25: 6708000 | Не продано</div><div>2017-08-23: 6708000 | Не продано</div><p>г.москва,малышеваул.,д.3,2ком., пл. 41.9, кв. 32</p>","5.387.750, 2018, 4",2
55.701942,37.742726,"<div>2017-06-21: 3132000 | 4134240</div><p>г.москва,малышеваул.,д.3,кор.2,1ком., пл. 28.3, кв. 42</p>","4.134.240, 2017, 1",1
55.624916,37.701736,"<div>2018-12-26: 5777000 | 6181390</div><p>г.москва,маршалазахароваул.,д.8,кор.3,1ком., пл. 38.4, кв. 309</p>","6.181.390, 2018, 1",1
55.795459,37.484622,"<div>2019-03-27: 9038000 | 11116740</div><p>г.москва,маршалаконеваул.,д.16,2ком., пл. 47.0, кв. 25</p>","11.116.740, 2019, 1",2
55.687863,37.862246,"<div>2019-01-23: 7299000 | 7955910</div><p>г.москва,маршалаполубояроваул.,д.4,кор.2,2ком., пл. 54.3, кв. 257</p>","7.955.910, 2019, 1",2
55.687756,37.863603,"<div>2018-08-22: 5141000 | 5141000</div><div>2018-07-04: 5141000 | Не продано</div><p>г.москва,маршалаполубояроваул.,д.8,1ком., пл. 38.8, кв. 21</p>","5.141.000, 2018, 2",1
55.744515,37.39179,"<div>2018-01-24: 4299000 | 4299000</div><div>2017-10-25: 4812000 | Не продано</div><div>2017-08-23: 4812000 | Не продано</div><div>2017-06-07: 5304000 | Не продано</div><div>2017-04-20: 5304000 | Не продано</div><p>г.москва,маршалатимошенкоул.,д.7,1ком., пл. 32.4, кв. 36</p>","4.299.000, 2018, 5",1
55.784197,37.477579,"<div>2017-11-08: 4513000 | 5912030</div><p>г.москва,маршалатухачевскогоул.,д.22,кор.1,2ком., пл. 44.0, кв. 69</p>","5.912.030, 2017, 1",2
55.881848,37.490982,"<div>2018-01-24: 4270000 | 4270000</div><div>2017-10-25: 4348000 | Не продано</div><div>2017-08-23: 4348000 | Не продано</div><p>г.москва,маршалафедоренкоул.,д.10,кор.2,1ком., пл. 37.6, кв. 373</p>","4.270.000, 2018, 3",1
55.651796,37.763926,"<div>2018-05-23: 4924000 | 4924000</div><p>г.москва,марьинскийбульвар,д.10,1ком., пл. 38.4, кв. 38</p>","4.924.000, 2018, 1",1
55.703454,37.468021,"<div>2018-12-26: 5603000 | 7395960</div><p>г.москва,матвеевскаяул.,д.18,кор.2,2ком., пл. 40.4, кв. 131</p>","7.395.960, 2018, 1",2
55.867319,37.672388,"<div>2017-07-12: 4136000 | 4632320</div><p>г.москва,менжинскогоул.,д.13,кор.2,1ком., пл. 30.4, кв. 48</p>","4.632.320, 2017, 1",1
55.757283,37.787058,"<div>2017-01-21: 5339000 | 5339000</div><p>г.москва,металлурговул.,д.20,кор.2,2ком., пл. 44.8, кв. 11</p>","5.339.000, 2017, 1",2
55.846805,37.356405,"<div>2017-12-20: 1576000 | 1576000</div><div>2017-10-11: 1971000 | Не продано</div><div>2017-08-09: 1971000 | Не продано</div><p>г.москва,митинскаяул.,д.31,3ком., пл. 72.8, кв. 64,1/3доля</p>","1.576.000, 2017, 3",3
55.585158,37.662326,"<div>2017-04-20: 3571000 | 3571000</div><div>2017-03-03: 3571000 | Не продано</div><p>г.москва,михневскаяул.,д.5,кор.2,1ком., пл. 34.7, кв. 36</p>","3.571.000, 2017, 2",1
55.582635,37.663324,"<div>2017-03-03: 3623000 | 3623000</div><p>г.москва,михневскаяул.,д.9,кор.1,1ком., пл. 35.2, кв. 53</p>","3.623.000, 2017, 1",1
55.704007,37.508984,"<div>2018-03-14: 4977000 | 5474700</div><p>г.москва,мичуринскийпроспект,д.10,кор.1,1ком., пл. 28.0, кв. 103</p>","5.474.700, 2018, 1",1
55.710682,37.507789,"<div>2019-07-24: 12504000 | 13254240</div><p>г.москва,мосфильмовскаяул.,д.43/40,2ком., пл. 51.4, кв. 95</p>","13.254.240, 2019, 1",2
55.895848,37.602193,"<div>2020-02-26: 7042000 | Аукцион</div><div>2019-11-27: 7314000 | Не продано</div><p>г.москва,мурановскаяул.,д.19,2ком., пл. 45.5, кв. 206</p>","Аукцион, 2020, 2",2
55.892259,37.597441,"<div>2018-12-26: 6087000 | 6695700</div><p>г.москва,мурановскаяул.,д.7,2ком., пл. 45.9, кв. 271</p>","6.695.700, 2018, 1",2
55.682265,37.640776,"<div>2017-11-08: 4118000 | 4859240</div><p>г.москва,нагатинскаянаб.,д.10,1ком., пл. 32.8, кв. 142</p>","4.859.240, 2017, 1",1
55.680717,37.648124,"<div>2019-05-29: 6690000 | 8697000</div><p>г.москва,нагатинскаянаб.,д.12,кор.5,2ком., пл. 38.3, кв. 33</p>","8.697.000, 2019, 1",2
55.688101,37.688261,"<div>2018-04-04: 4709000 | 5132810</div><div>2017-12-20: 5055000 | Не продано</div><div>2017-10-25: 5055000 | Не продано</div><p>г.москва,нагатинскаянаб.,д.60,кор.3,1ком., пл. 35.4, кв. 245</p>","5.132.810, 2018, 3",1
55.678453,37.606631,"<div>2019-02-20: 6411000 | 6411000</div><p>г.москва,нагорнаяул.,д.15,кор.6,1ком., пл. 35.2, кв. 575</p>","6.411.000, 2019, 1",1
55.676671,37.606083,"<div>2019-02-20: 6517000 | 7233870</div><p>г.москва,нагорнаяул.,д.19,кор.4,2ком., пл. 38.0, кв. 61</p>","7.233.870, 2019, 1",2
55.66206,37.556774,"<div>2018-03-14: 5980000 | 6757400</div><div>2017-11-29: 6814000 | Не продано</div><p>г.москва,наметкинаул.,д.15,1ком., пл. 38.2, кв. 46</p>","6.757.400, 2018, 2",1
55.66206,37.556774,"<div>2017-09-20: 6814000 | 6814000</div><div>2017-07-12: 7920000 | Не продано</div><div>2017-05-17: 7920000 | Не продано</div><p>г.москва,наметкинаул.,д.15,1ком., пл. 39.0, кв. 46</p>","6.814.000, 2017, 3",1
55.756862,37.828488,"<div>2019-05-29: 6160000 | 6652800</div><p>г.москва,напольныйпр.,д.14,2ком., пл. 43.0, кв. 36</p>","6.652.800, 2019, 1",2
55.778593,37.480301,"<div>2019-11-27: 10288000 | 11213920</div><div>2019-08-28: 10945000 | Не продано</div><p>г.москва,народногоополченияул.,д.22,кор.2,3ком., пл. 65.6, кв. 228</p>","11.213.920, 2019, 2",3
55.781332,37.482744,"<div>2018-06-20: 4595000 | 5376150</div><p>г.москва,народногоополченияул.,д.28,кор.2,1ком., пл. 32.0, кв. 18</p>","5.376.150, 2018, 1",1
55.737649,37.681101,"<div>2018-10-10: 6856000 | 6856000</div><p>г.москва,нижегородскаяул.,д.12,1ком., пл. 34.7, кв. 15</p>","6.856.000, 2018, 1",1
55.737709,37.689932,"<div>2019-10-30: 10692000 | 12509640</div><p>г.москва,нижегородскаяул.,д.17,2ком., пл. 53.5, кв. 224</p>","12.509.640, 2019, 1",2
55.737345,37.693624,"<div>2019-10-30: 7451000 | 8717670</div><p>г.москва,нижегородскаяул.,д.25,1ком., пл. 37.1, кв. 81</p>","8.717.670, 2019, 1",1
55.738039,37.677292,"<div>2020-02-26: 7223000 | Аукцион</div><p>г.москва,нижегородскаяул.,д.4,кор.2,1ком., пл. 35.0, кв. 105</p>","Аукцион, 2020, 1",1
55.738039,37.677292,"<div>2017-09-20: 6633000 | 7362630</div><div>2017-07-12: 7705000 | Не продано</div><div>2017-05-17: 7705000 | Не продано</div><p>г.москва,нижегородскаяул.,д.4,кор.2,2ком., пл. 38.3, кв. 118</p>","7.362.630, 2017, 3",2
55.738713,37.680014,"<div>2019-10-30: 7685000 | 8914600</div><p>г.москва,нижегородскаяул.,д.7,1ком., пл. 36.1, кв. 96</p>","8.914.600, 2019, 1",1
55.667086,37.523016,"<div>2019-05-29: 8024000 | 8826400</div><p>г.москва,новаторовул.,д.14,кор.2,1ком., пл. 42.3, кв. 206</p>","8.826.400, 2019, 1",1
55.739047,37.855752,"<div>2017-09-20: 1882000 | 1882000</div><div>2017-07-12: 1962000 | Не продано</div><div>2017-05-17: 1962000 | Не продано</div><div>2017-01-21: 2120000 | Не продано</div><p>г.москва,новокосинскаяул.,д.17,кор.2,2ком., пл. 53.6, кв. 213,½доля</p>","1.882.000, 2017, 4",2
55.739929,37.853883,"<div>2018-08-22: 4289000 | 5532810</div><p>г.москва,новокосинскаяул.,д.17,кор.7,1ком., пл. 34.1, кв. 10</p>","5.532.810, 2018, 1",1
55.742625,37.872999,"<div>2019-03-27: 5651000 | 6103080</div><p>г.москва,новокосинскаяул.,д.40,1ком., пл. 37.8, кв. 169</p>","6.103.080, 2019, 1",1
55.65305,37.755464,"<div>2017-09-20: 4577000 | 4577000</div><div>2017-07-12: 4790000 | Не продано</div><div>2017-05-17: 4790000 | Не продано</div><p>г.москва,новомарьинскаяул.,д.12/12,кор.1,1ком., пл. 35.5, кв. 10</p>","4.577.000, 2017, 3",1
55.741166,37.682278,"<div>2019-10-30: 12340000 | 12833600</div><p>г.москва,новорогожскаяул.,д.6,стр.1,2ком., пл. 57.8, кв. 153</p>","12.833.600, 2019, 1",2
55.816414,37.818768,"<div>2019-04-24: 4401000 | 4797090</div><p>г.москва,новосибирскаяул.,д.11,1ком., пл. 32.9, кв. 181</p>","4.797.090, 2019, 1",1
55.670772,37.571004,"<div>2017-11-29: 5593000 | 5760790</div><div>2017-09-13: 6379000 | Не продано</div><div>2017-07-26: 6379000 | Не продано</div><div>2017-05-31: 6379000 | Не продано</div><p>г.москва,новочеремушкинскаяул.,д.53,кор.3,2ком., пл. 37.2, кв. 42</p>","5.760.790, 2017, 4",2
55.647331,37.717519,"<div>2017-03-03: 4049000 | 4049000</div><p>г.москва,новочеркасскийб-р,д.1,1ком., пл. 32.7, кв. 225</p>","4.049.000, 2017, 1",1
55.672174,37.564293,"<div>2017-01-21: 7310000 | 7383100</div><p>г.москва,новочерёмушкинскаяул.,д.50,кор.3,1ком., пл. 38.6, кв. 357</p>","7.383.100, 2017, 1",1
55.806231,37.454986,"<div>2017-10-25: 5309000 | 5733720</div><p>г.москва,новощукинскаяул.,д.12,1ком., пл. 34.9, кв. 63</p>","5.733.720, 2017, 1",1
55.60609,37.520734,"<div>2018-11-14: 6662000 | 6662000</div><p>г.москва,новоясеневскийпр-т,д.14,кор.2,2ком., пл. 44.2, кв. 377</p>","6.662.000, 2018, 1",2
55.60609,37.520734,"<div>2017-11-08: 5835000 | 6885300</div><p>г.москва,новоясеневскийпроспект,д.14,кор.2,3ком., пл. 49.0, кв. 497</p>","6.885.300, 2017, 1",3
55.672839,37.448438,"<div>2018-06-20: 5098000 | 5403880</div><p>г.москва,озернаяул.,д.40,1ком., пл. 35.1, кв. 59</p>","5.403.880, 2018, 1",1
55.67793,37.456307,"<div>2019-01-23: 7017000 | 7438020</div><div>2018-11-14: 7017000 | Не продано</div><p>г.москва,озёрнаяул.,д.19,кор.1,2ком., пл. 45.1, кв. 109</p>","7.438.020, 2019, 2",2
55.709099,37.749113,"<div>2017-11-29: 3694000 | Не продано</div><p>г.москва,окскаяул.,д.4,кор.2,1ком., пл. 30.9, кв. 30</p>","Не продано, 2017, 1",1
55.709099,37.749113,"<div>2017-09-13: 4538000 | Не продано</div><div>2017-07-26: 4538000 | Не продано</div><div>2017-05-31: 4538000 | Не продано</div><p>г.москва,окскаяул.,д.4,кор.2,1ком., пл. 31.6, кв. 30</p>","Не продано, 2017, 3",1
55.787153,37.622819,"<div>2018-04-04: 10113000 | 10113000</div><div>2018-01-24: 10113000 | Не продано</div><div>2017-10-25: 10341000 | Не продано</div><div>2017-08-23: 10341000 | Не продано</div><p>г.москва,олимпийскийпр-т,д.22,2ком., пл. 53.8, кв. 163</p>","10.113.000, 2018, 4",2
55.852455,37.617644,"<div>2017-11-08: 4762000 | 5333440</div><div>2017-09-13: 4762000 | Не продано</div><p>г.москва,олонецкаяул.,д.15,1ком., пл. 32.8, кв. 33</p>","5.333.440, 2017, 2",1
55.854406,37.513889,"<div>2017-11-08: 4310000 | 4482400</div><p>г.москва,онежскаяул.,д.29,2ком., пл. 37.6, кв. 18</p>","4.482.400, 2017, 1",2
55.856118,37.512092,"<div>2019-04-24: 4733000 | 5490280</div><div>2019-01-23: 5301000 | Не продано</div><div>2018-11-14: 5301000 | Не продано</div><p>г.москва,онежскаяул.,д.37,1ком., пл. 31.3, кв. 36</p>","5.490.280, 2019, 3",1
55.614353,37.733087,"<div>2017-05-17: 5492000 | 6315800</div><p>г.москва,ореховыйб-р,д.31,2ком., пл. 44.0, кв. 47</p>","6.315.800, 2017, 1",2
55.610845,37.705814,"<div>2017-11-29: 4287000 | 4715700</div><p>г.москва,ореховыйб-р,д.7,кор.2,1ком., пл. 37.2, кв. 544</p>","4.715.700, 2017, 1",1
55.610845,37.705814,"<div>2017-09-13: 5569000 | Не продано</div><div>2017-07-26: 5569000 | Не продано</div><div>2017-05-31: 5569000 | Не продано</div><p>г.москва,ореховыйб-р,д.7,кор.2,1ком., пл. 38.0, кв. 544</p>","Не продано, 2017, 3",1
55.608704,37.713674,"<div>2019-07-24: 5781000 | 6070050</div><p>г.москва,ореховыйбульвар,д.14,кор.2,1ком., пл. 32.5, кв. 694</p>","6.070.050, 2019, 1",1
55.625476,37.737111,"<div>2019-03-27: 5287000 | 6185790</div><p>г.москва,ореховыйпр-д,д.13,кор.3,1ком., пл. 34.4, кв. 135</p>","6.185.790, 2019, 1",1
55.890643,37.675163,"<div>2019-09-25: 5925000 | 5925000</div><p>г.москва,осташковскаяул.,д.28,1ком., пл. 38.5, кв. 112</p>","5.925.000, 2019, 1",1
55.890643,37.675163,"<div>2018-02-21: 4373000 | 4373000</div><div>2017-10-25: 4695000 | Не продано</div><div>2017-08-23: 4695000 | Не продано</div><div>2017-06-07: 5492000 | Не продано</div><div>2017-04-20: 5492000 | Не продано</div><p>г.москва,осташковскаяул.,д.28,1ком., пл. 38.7, кв. 120</p>","4.373.000, 2018, 5",1
55.633013,37.515838,"<div>2017-08-09: 3998000 | 5157420</div><p>г.москва,островитяноваул.,д.30,кор.2,1ком., пл. 32.9, кв. 409</p>","5.157.420, 2017, 1",1
55.634176,37.528127,"<div>2017-10-11: 5014000 | 5264700</div><p>г.москва,островитяноваул.,д.35,1ком., пл. 32.2, кв. 42</p>","5.264.700, 2017, 1",1
55.631991,37.535619,"<div>2019-04-24: 3350000 | Не продано</div><p>г.москва,островитяноваул.,д.41,кор.1,4ком., пл. 27.5, кв. 139,комната№4жилойплощадью27,5</p>","Не продано, 2019, 1",4
55.631991,37.535619,"<div>2018-11-14: 3365000 | Не продано</div><p>г.москва,островитяноваул.,д.41,кор.1,4ком., пл. 62.8, кв. 139,комната№4жилойплощадью27,5</p>","Не продано, 2018, 1",4
55.631991,37.535619,"<div>2019-06-26: 3350000 | 3350000</div><div>2019-01-23: 3365000 | Не продано</div><div>2018-07-25: 3428000 | Не продано</div><div>2018-05-23: 3428000 | Не продано</div><div>2018-01-24: 3459000 | Не продано</div><div>2017-10-25: 3803000 | Не продано</div><div>2017-08-23: 3803000 | Не продано</div><div>2017-06-07: 4360000 | Не продано</div><div>2017-04-20: 4360000 | Не продано</div><p>г.москва,островитяноваул.,д.41,кор.1,4ком., пл. 91.5, кв. 139,комната№4жилойплощадью27,5</p>","3.350.000, 2019, 9",4
55.808766,37.734093,"<div>2018-10-10: 5627000 | 6189700</div><p>г.москва,открытоеш.,д.6,кор.11,2ком., пл. 38.9, кв. 76</p>","6.189.700, 2018, 1",2
55.794249,37.685907,"<div>2017-06-21: 7886000 | 7886000</div><p>г.москва,охотничьяул.,д.3,2ком., пл. 42.8, кв. 30</p>","7.886.000, 2017, 1",2
55.720509,37.618066,"<div>2019-11-27: 12712000 | 12712000</div><div>2019-08-28: 14196000 | Не продано</div><p>г.москва,павлаандрееваул.,д.28,кор.7,2ком., пл. 58.9, кв. 465</p>","12.712.000, 2019, 2",2
55.682275,37.543587,"<div>2018-11-14: 8168000 | 8168000</div><div>2018-08-22: 8343000 | Не продано</div><div>2018-06-20: 8343000 | Не продано</div><div>2018-03-14: 9130000 | Не продано</div><p>г.москва,панфероваул.,д.10,2ком., пл. 44.8, кв. 84</p>","8.168.000, 2018, 4",2
55.683777,37.542419,"<div>2017-08-09: 5278000 | 7758660</div><p>г.москва,панфёроваул.,д.3,2ком., пл. 41.6, кв. 71</p>","7.758.660, 2017, 1",2
55.788793,37.455534,"<div>2017-09-13: 5079000 | 5079000</div><p>г.москва,паршинаул.,д.33,2ком., пл. 34.8, кв. 21</p>","5.079.000, 2017, 1",2
55.601823,37.540479,"<div>2018-05-23: 6349000 | 7428330</div><p>г.москва,паустовскогоул.,д.4,2ком., пл. 44.9, кв. 608</p>","7.428.330, 2018, 1",2
55.792933,37.797738,"<div>2018-06-20: 6629000 | 7689640</div><p>г.москва,первомайскаяул.,д.66,2ком., пл. 47.2, кв. 120</p>","7.689.640, 2018, 1",2
55.86304,37.61326,"<div>2018-11-14: 5000000 | 5400000</div><p>г.москва,пестеляул.,д.1,1ком., пл. 32.6, кв. 66</p>","5.400.000, 2018, 1",1
55.795757,37.569566,"<div>2017-06-07: 2950000 | 2950000</div><div>2017-04-20: 2950000 | Не продано</div><p>г.москва,петровско-разумовскийпр.,д.12,3ком., пл. 72.0, кв. 54,комната№3жилойплощадью18,6</p>","2.950.000, 2017, 2",3
55.799669,37.566943,"<div>2018-02-21: 5064000 | 5823600</div><p>г.москва,петровско-разумовскийпр.,д.20,1ком., пл. 35.6, кв. 28</p>","5.823.600, 2018, 1",1
55.793991,37.570303,"<div>2020-01-29: 7380000 | Не продано</div><p>г.москва,петровско-разумовскийпроезд,д.8а,2ком., пл. 41.4, кв. 14</p>","Не продано, 2020, 1",2
55.864864,37.501438,"<div>2018-01-24: 4601000 | 6027310</div><div>2017-10-25: 5514000 | Не продано</div><div>2017-08-30: 5514000 | Не продано</div><div>2017-07-12: 5514000 | Не продано</div><p>г.москва,петрозаводскаяул.,д.12,2ком., пл. 38.8, кв. 62</p>","6.027.310, 2018, 4",2
55.863303,37.504825,"<div>2019-07-24: 7346000 | 7566380</div><div>2019-05-29: 7346000 | Не продано</div><p>г.москва,петрозаводскаяул.,д.4,2ком., пл. 50.4, кв. 5</p>","7.566.380, 2019, 2",2
55.864156,37.499004,"<div>2019-07-24: 6786000 | 6853860</div><p>г.москва,петрозаводскаяул.,д.5,кор.1,2ком., пл. 44.7, кв. 24</p>","6.853.860, 2019, 1",2
55.865106,37.494665,"<div>2017-11-08: 4196000 | 5077160</div><p>г.москва,петрозаводскаяул.,д.9,кор.2,1ком., пл. 34.0, кв. 237</p>","5.077.160, 2017, 1",1
55.742154,37.766154,"<div>2017-10-11: 3553000 | 4192540</div><div>2017-07-26: 4080000 | Не продано</div><div>2017-05-31: 4080000 | Не продано</div><div>2017-04-07: 4080000 | Не продано</div><p>г.москва,плехановаул.,д.22,кор.1,1ком., пл. 30.8, кв. 117</p>","4.192.540, 2017, 4",1
55.757197,37.758536,"<div>2018-07-25: 5139000 | 6012630</div><p>г.москва,плехановаул.,д.3,кор.4,2ком., пл. 36.2, кв. 19</p>","6.012.630, 2018, 1",2
55.833107,37.456783,"<div>2019-07-24: 2094000 | 2094000</div><p>г.москва,подмосковнаяул.,д.14,4ком., пл. 16.2, кв. 29,комната№1жилойплощадью16,2</p>","2.094.000, 2019, 1",4
55.607143,37.616198,"<div>2017-10-25: 3781000 | 3818810</div><div>2017-07-26: 4300000 | Не продано</div><div>2017-05-31: 4300000 | Не продано</div><div>2017-04-07: 4300000 | Не продано</div><p>г.москва,подольскихкурсантовул.,д.12,кор.1,1ком., пл. 32.4, кв. 94</p>","3.818.810, 2017, 4",1
55.689684,37.730859,"<div>2017-06-07: 6014000 | 6014000</div><div>2017-04-20: 6014000 | Не продано</div><div>2017-03-03: 6014000 | Не продано</div><p>г.москва,полбинаул.,д.12,3ком., пл. 50.2, кв. 13</p>","6.014.000, 2017, 3",3
55.551023,37.552067,"<div>2017-10-11: 5916000 | 5916000</div><div>2017-07-26: 6825000 | Не продано</div><div>2017-05-31: 6825000 | Не продано</div><div>2017-04-07: 6825000 | Не продано</div><p>г.москва,поляныул.,д.9,2ком., пл. 49.7, кв. 404</p>","5.916.000, 2017, 4",2
55.892632,37.647657,"<div>2018-12-26: 6257000 | 6257000</div><div>2018-10-10: 6257000 | Не продано</div><p>г.москва,полярнаяул.,д.56,кор.1,2ком., пл. 38.8, кв. 155</p>","6.257.000, 2018, 2",2
55.535682,37.162639,"<div>2019-10-30: 2972000 | Не продано</div><p>г.москва,поселениепервомайское,п.первомайское,центральнаяул.,д.4,1ком., пл. 29.5, кв. 44</p>","Не продано, 2019, 1",1
55.213695,37.074954,"<div>2019-11-27: 2994000 | Не продано</div><div>2019-08-28: 2230000 | Не продано</div><div>2019-06-26: 2230000 | Не продано</div><div>2019-03-27: 2254000 | Не продано</div><div>2019-01-23: 2254000 | Не продано</div><div>2018-10-10: 2410000 | Не продано</div><div>2018-08-22: 2410000 | Не продано</div><div>2018-07-04: 2410000 | Не продано</div><p>г.москва,поселениероговское,пос.рогово,школьнаяул.,д.4,2ком., пл. 42.9, кв. 4</p>","Не продано, 2019, 8",2
55.78237,37.357824,"<div>2018-06-20: 4966000 | 4966000</div><div>2018-03-14: 5221000 | Не продано</div><div>2017-12-20: 5221000 | Не продано</div><p>г.москва,посёлокрублёво,советскаяул.,д.15,2ком., пл. 44.1, кв. 87</p>","4.966.000, 2018, 3",2
55.839082,37.416125,"<div>2019-07-24: 5796000 | 6607440</div><div>2019-04-24: 6146000 | Не продано</div><div>2019-02-20: 6146000 | Не продано</div><p>г.москва,походныйпр.,д.11,кор.1,2ком., пл. 38.4, кв. 40</p>","6.607.440, 2019, 3",2
55.839082,37.416125,"<div>2018-02-21: 4149000 | 4978800</div><div>2017-10-11: 4963000 | Не продано</div><div>2017-08-09: 4963000 | Не продано</div><p>г.москва,походныйпроезд,д.11,кор.1,2ком., пл. 38.8, кв. 61</p>","4.978.800, 2018, 3",2
55.771661,37.569926,"<div>2017-10-25: 7054000 | 8112100</div><div>2017-08-09: 8832000 | Не продано</div><div>2017-06-21: 8832000 | Не продано</div><p>г.москва,пресненскийвалул.,д.23,2ком., пл. 44.6, кв. 56</p>","8.112.100, 2017, 3",2
55.812661,37.636823,"<div>2018-08-22: 10570000 | 10570000</div><div>2018-06-20: 10570000 | Не продано</div><div>2018-03-14: 11633000 | Не продано</div><div>2017-12-20: 11633000 | Не продано</div><div>2017-10-11: 11698000 | Не продано</div><div>2017-08-09: 11698000 | Не продано</div><div>2017-06-07: 12602000 | Не продано</div><div>2017-04-20: 12602000 | Не продано</div><div>2017-03-03: 12602000 | Не продано</div><p>г.москва,проспектмира,д.103,2ком., пл. 65.8, кв. 156</p>","10.570.000, 2018, 9",2
55.83706,37.659479,"<div>2019-02-20: 5402000 | 5402000</div><p>г.москва,проспектмира,д.194,1ком., пл. 31.9, кв. 68</p>","5.402.000, 2019, 1",1
55.786951,37.635386,"<div>2017-10-25: 7594000 | 8429340</div><div>2017-08-09: 10395000 | Не продано</div><div>2017-06-21: 10395000 | Не продано</div><p>г.москва,проспектмира,д.68,1ком., пл. 43.6, кв. 54</p>","8.429.340, 2017, 3",1
55.804688,37.71769,"<div>2019-06-26: 5935000 | 6587850</div><p>г.москва,просторнаяул.,д.8,1ком., пл. 34.9, кв. 150</p>","6.587.850, 2019, 1",1
55.630162,37.521551,"<div>2019-09-25: 8141000 | 10664710</div><p>г.москва,профсоюзнаяул.,д.113,кор.3,2ком., пл. 50.6, кв. 474</p>","10.664.710, 2019, 1",2
55.630146,37.507924,"<div>2017-12-20: 5845000 | 7364700</div><p>г.москва,профсоюзнаяул.,д.136,кор.4,3ком., пл. 49.7, кв. 407</p>","7.364.700, 2017, 1",3
55.679138,37.565317,"<div>2018-06-20: 6447000 | 6962760</div><div>2018-03-14: 6447000 | Не продано</div><p>г.москва,профсоюзнаяул.,д.15,1ком., пл. 31.2, кв. 85</p>","6.962.760, 2018, 2",1
55.671991,37.560386,"<div>2017-05-17: 6534000 | 7840800</div><p>г.москва,профсоюзнаяул.,д.31,кор.3,2ком., пл. 44.9, кв. 74</p>","7.840.800, 2017, 1",2
55.645878,37.526528,"<div>2018-10-10: 5013000 | 5564430</div><p>г.москва,профсоюзнаяул.,д.98,кор.1,1ком., пл. 33.0, кв. 194</p>","5.564.430, 2018, 1",1
55.73292,37.586706,"<div>2018-04-04: 11786000 | 11786000</div><div>2018-01-24: 11786000 | Не продано</div><div>2017-10-25: 12491000 | Не продано</div><div>2017-08-30: 12491000 | Не продано</div><p>г.москва,пуговишниковпер.,д.4,1ком., пл. 36.6, кв. 17</p>","11.786.000, 2018, 4",1
55.724885,37.528972,"<div>2017-03-03: 7669000 | 7669000</div><p>г.москва,пырьеваул.,д.4а,2ком., пл. 41.6, кв. 10</p>","7.669.000, 2017, 1",2
55.838036,37.386077,"<div>2019-04-24: 2641000 | 2641000</div><p>г.москва,пятницкоеш.,д.7,2ком., пл. 26.75, кв. 297,1/2доля</p>","2.641.000, 2019, 1",2
55.838036,37.386077,"<div>2019-02-20: 2641000 | Не продано</div><p>г.москва,пятницкоеш.,д.7,2ком., пл. 53.5, кв. 297,1/2доля</p>","Не продано, 2019, 1",2
55.819413,37.645555,"<div>2018-10-10: 6401000 | 7169120</div><p>г.москва,ракетныйбульвар,д.7,2ком., пл. 37.4, кв. 43</p>","7.169.120, 2018, 1",2
55.786389,37.571264,"<div>2018-06-20: 8753000 | 8753000</div><div>2018-02-21: 9655000 | Не продано</div><div>2017-11-29: 9655000 | Не продано</div><p>г.москва,расковойул.,д.12,2ком., пл. 51.8, кв. 41</p>","8.753.000, 2018, 3",2
55.790823,37.47907,"<div>2019-12-30: 7423000 | Не продано</div><div>2019-10-30: 7423000 | Не продано</div><p>г.москва,расплетинаул.,д.3,кор.2,1ком., пл. 33.7, кв. 93</p>","Не продано, 2019, 2",1
55.72559,37.444206,"<div>2017-11-08: 5523000 | 6627600</div><p>г.москва,ращупкинаул.,д.6,2ком., пл. 44.3, кв. 23</p>","6.627.600, 2017, 1",2
55.72559,37.444206,"<div>2017-08-09: 7341000 | Не продано</div><div>2017-06-21: 7341000 | Не продано</div><p>г.москва,ращупкинаул.,д.6,2ком., пл. 45.1, кв. 23</p>","Не продано, 2017, 2",2
55.742914,37.832476,"<div>2018-01-24: 3981000 | 3981000</div><div>2017-10-25: 4345000 | Не продано</div><div>2017-07-12: 4345000 | Не продано</div><p>г.москва,реутовскаяул.,д.2/1,1ком., пл. 35.1, кв. 70</p>","3.981.000, 2018, 3",1
55.742914,37.832476,"<div>2017-08-30: 4345000 | Не продано</div><p>г.москва,реутовскаяул.,д.2/1,кор.1,1ком., пл. 35.1, кв. 70</p>","Не продано, 2017, 1",1
55.738525,37.834462,"<div>2017-08-09: 4273000 | 4828490</div><div>2017-05-17: 4856000 | Не продано</div><div>2017-03-17: 4856000 | Не продано</div><div>2017-01-21: 4856000 | Не продано</div><p>г.москва,реутовскаяул.,д.8,кор.3,2ком., пл. 44.6, кв. 245</p>","4.828.490, 2017, 4",2
55.815585,37.661392,"<div>2017-04-20: 10106000 | 10106000</div><div>2017-03-03: 10106000 | Не продано</div><p>г.москва,рижскийпр.,д.9,2ком., пл. 57.6, кв. 133</p>","10.106.000, 2017, 2",2
55.609482,37.549768,"<div>2020-02-26: 5817000 | Аукцион</div><div>2019-12-30: 5817000 | Не продано</div><p>г.москва,рокотоваул.,д.7,кор.2,1ком., пл. 36.8, кв. 73</p>","Аукцион, 2020, 2",1
55.594011,37.607889,"<div>2017-10-25: 3922000 | 4902500</div><p>г.москва,россошанскаяул.,д.2,кор.1,1ком., пл. 34.3, кв. 372</p>","4.902.500, 2017, 1",1
55.593329,37.607412,"<div>2018-10-10: 4825000 | 5066250</div><p>г.москва,россошанскаяул.,д.2,кор.2,1ком., пл. 35.2, кв. 69</p>","5.066.250, 2018, 1",1
55.750525,37.407645,"<div>2018-02-21: 5936000 | 6292160</div><p>г.москва,рублевскоеш.,д.127,2ком., пл. 41.0, кв. 512</p>","6.292.160, 2018, 1",2
55.750525,37.407645,"<div>2018-12-26: 6176000 | 7658240</div><p>г.москва,рублёвскоеш.,д.127,2ком., пл. 40.8, кв. 302</p>","7.658.240, 2018, 1",2
55.750525,37.407645,"<div>2019-01-23: 6929000 | 7691190</div><p>г.москва,рублёвскоеш.,д.127,2ком., пл. 43.0, кв. 228</p>","7.691.190, 2019, 1",2
55.750525,37.407645,"<div>2018-07-25: 7666000 | 8585920</div><p>г.москва,рублёвскоеш.,д.127,3ком., пл. 59.6, кв. 272</p>","8.585.920, 2018, 1",3
55.740948,37.422611,"<div>2019-11-27: 7088000 | 7655040</div><p>г.москва,рублёвскоешоссе,д.97,кор.3,2ком., пл. 37.0, кв. 31</p>","7.655.040, 2019, 1",2
55.85575,37.644073,"<div>2017-07-12: 9518000 | 10564980</div><p>г.москва,русановапр-д,д.9,2ком., пл. 50.9, кв. 353</p>","10.564.980, 2017, 1",2
55.71481,37.809848,"<div>2019-06-26: 8678000 | 9198680</div><p>г.москва,рязанскийпроспект,д.97,кор.2,2ком., пл. 55.7, кв. 11</p>","9.198.680, 2019, 1",2
55.714987,37.740076,"<div>2017-10-25: 1550000 | 1953000</div><p>г.москва,саратовскаяул.,д.16,3ком., пл. 71.2, кв. 58,комната№1жилойплощадью15,9</p>","1.953.000, 2017, 1",3
55.770011,37.833491,"<div>2020-01-29: 6239000 | Не продано</div><p>г.москва,саянскаяул.,д.11,кор.2,2ком., пл. 44.7, кв. 182</p>","Не продано, 2020, 1",2
55.769575,37.831641,"<div>2017-02-17: 5508000 | 5508000</div><p>г.москва,саянскаяул.,д.7,кор.2,2ком., пл. 47.5, кв. 400</p>","5.508.000, 2017, 1",2
55.685046,37.600046,"<div>2017-10-11: 4818000 | 5540700</div><p>г.москва,севастопольскийпр-т,д.14,кор.1,2ком., пл. 33.6, кв. 13</p>","5.540.700, 2017, 1",2
55.667203,37.583688,"<div>2018-01-24: 4429000 | 4429000</div><div>2017-10-25: 5075000 | Не продано</div><div>2017-08-23: 5075000 | Не продано</div><div>2017-06-07: 5183000 | Не продано</div><div>2017-04-20: 5183000 | Не продано</div><p>г.москва,севастопольскийпр-т,д.51,кор.2,1ком., пл. 33.0, кв. 74</p>","4.429.000, 2018, 5",1
55.847609,37.642617,"<div>2019-03-27: 5801000 | 6729160</div><p>г.москва,серебряковапр-д,д.3.1ком., пл. 33.2, кв. 141</p>","6.729.160, 2019, 1",1
55.712071,37.613171,"<div>2019-02-20: 6062000 | 6971300</div><p>г.москва,серпуховскийвалул.,д.18/28,1ком., пл. 29.0, кв. 48</p>","6.971.300, 2019, 1",1
55.65144,37.603289,"<div>2019-03-27: 6601000 | 6601000</div><p>г.москва,симферопольскийбульвар,д.16,кор.3,1ком., пл. 35.2, кв. 29</p>","6.601.000, 2019, 1",1
55.64632,37.602166,"<div>2019-02-20: 8173000 | 8173000</div><p>г.москва,симферопольскийбульвар,д.24,кор.4,1ком., пл. 42.2, кв. 195</p>","8.173.000, 2019, 1",1
55.803469,37.806506,"<div>2017-05-17: 3722000 | 4243080</div><p>г.москва,сиреневыйб-р,д.39,1ком., пл. 32.4, кв. 26</p>","4.243.080, 2017, 1",1
55.779089,37.571588,"<div>2018-05-23: 8524000 | 10058320</div><p>г.москва,скаковаяул.,д.13,кор.1,2ком., пл. 50.9, кв. 71</p>","10.058.320, 2018, 1",2
55.709728,37.399354,"<div>2018-06-20: 4257000 | 4554990</div><p>г.москва,сколковскоеш.,д.14,1ком., пл. 35.1, кв. 29</p>","4.554.990, 2018, 1",1
55.872556,37.468964,"<div>2017-11-08: 4896000 | Не продано</div><div>2017-09-13: 4896000 | Не продано</div><p>г.москва,смольнаяул.,д.71,2ком., пл. 36.9, кв. 38</p>","Не продано, 2017, 2",2
55.679986,37.76795,"<div>2019-10-30: 5972000 | 6628920</div><p>г.москва,совхознаяул.,д.18,кор.3,2ком., пл. 38.1, кв. 26</p>","6.628.920, 2019, 1",2
55.861524,37.519782,"<div>2017-11-08: 5025000 | Не продано</div><div>2017-09-13: 5025000 | Не продано</div><p>г.москва,солнечногорскаяул.,д.17,2ком., пл. 42.3, кв. 73</p>","Не продано, 2017, 2",2
55.650333,37.408292,"<div>2017-08-09: 3017000 | 4585840</div><p>г.москва,солнцевскийпр-т,д.26,кор.1,1ком., пл. 35.1, кв. 84</p>","4.585.840, 2017, 1",1
55.749116,37.806201,"<div>2017-07-12: 5928000 | 5928000</div><div>2017-05-17: 5928000 | Не продано</div><div>2017-02-17: 6504000 | Не продано</div><p>г.москва,союзныйпр-т,д.6,кор.4,2ком., пл. 46.8, кв. 31</p>","5.928.000, 2017, 3",2
55.750221,37.812893,"<div>2018-07-04: 5077000 | 5127770</div><p>г.москва,союзныйпросп.,д.15,кор.1,1ком., пл. 34.9, кв. 49</p>","5.127.770, 2018, 1",1
55.681372,37.753272,"<div>2017-08-09: 5124000 | 5124000</div><div>2017-06-21: 5124000 | Не продано</div><p>г.москва,ставропольскаяул.,д.19,2ком., пл. 39.3, кв. 94</p>","5.124.000, 2017, 2",2
55.681037,37.757566,"<div>2017-07-12: 4193000 | 4780020</div><p>г.москва,ставропольскаяул.,д.32,1ком., пл. 34.8, кв. 242</p>","4.780.020, 2017, 1",1
55.739732,37.827212,"<div>2019-03-27: 4225000 | 4732000</div><p>г.москва,старыйгайул.,д.10,1ком., пл. 33.0, кв. 73</p>","4.732.000, 2019, 1",1
55.687634,37.692106,"<div>2018-11-14: 5879000 | 6349320</div><div>2018-08-22: 6115000 | Не продано</div><div>2018-06-20: 6115000 | Не продано</div><p>г.москва,судостроительнаяул.,д.51,2ком., пл. 38.4, кв. 107</p>","6.349.320, 2018, 3",2
55.624916,37.606604,"<div>2017-11-08: 5383000 | 6082790</div><p>г.москва,сумскаяул.,д.6,кор.2,2ком., пл. 43.6, кв. 129</p>","6.082.790, 2017, 1",2
55.625836,37.604241,"<div>2017-11-08: 6635000 | 7497550</div><p>г.москва,сумскаяул.,д.6,кор.4,3ком., пл. 55.5, кв. 237</p>","7.497.550, 2017, 1",3
55.633653,37.609182,"<div>2018-12-26: 6281000 | 6783480</div><p>г.москва,сумскойпр.,д.5,кор.1,2ком., пл. 43.8, кв. 122</p>","6.783.480, 2018, 1",2
55.793156,37.622774,"<div>2017-07-12: 5192000 | 5347760</div><p>г.москва,сущевскийвалул.,д.67,1ком., пл. 30.1, кв. 69</p>","5.347.760, 2017, 1",1
55.793156,37.622774,"<div>2017-05-17: 5192000 | Не продано</div><p>г.москва,сущевскийвалул.,д.67,1ком., пл. 30.5, кв. 69</p>","Не продано, 2017, 1",1
55.793009,37.601403,"<div>2018-06-20: 7531000 | 7531000</div><div>2018-03-14: 8511000 | Не продано</div><div>2017-12-20: 8511000 | Не продано</div><p>г.москва,сущёвскийвалул.,д.23,3ком., пл. 56.1, кв. 49</p>","7.531.000, 2018, 3",3
55.739808,37.667528,"<div>2017-04-07: 7192000 | 7192000</div><p>г.москва,таганскаяул.,д.29,1ком., пл. 34.9, кв. 26</p>","7.192.000, 2017, 1",1
55.883954,37.68703,"<div>2018-01-24: 3867000 | 4640400</div><div>2017-10-25: 4588000 | Не продано</div><div>2017-08-23: 4588000 | Не продано</div><div>2017-06-07: 5154000 | Не продано</div><div>2017-04-20: 5154000 | Не продано</div><p>г.москва,тайнинскаяул.,д.24,1ком., пл. 35.7, кв. 46</p>","4.640.400, 2018, 5",1
55.88308,37.689536,"<div>2020-02-26: 5008000 | Аукцион</div><p>г.москва,тайнинскаяул.,д.26,1ком., пл. 32.4, кв. 46</p>","Аукцион, 2020, 1",1
55.799674,37.398913,"<div>2019-01-23: 6836000 | 6836000</div><div>2018-11-14: 6836000 | Не продано</div><p>г.москва,таллинскаяул.,д.11,кор.1,1ком., пл. 38.9, кв. 195</p>","6.836.000, 2019, 2",1
55.605226,37.530813,"<div>2018-07-25: 5973000 | 6152190</div><p>г.москва,тарусскаяул.,д.14,кор.1,1ком., пл. 38.8, кв. 69</p>","6.152.190, 2018, 1",1
55.705473,37.813737,"<div>2017-10-25: 6579000 | 6579000</div><div>2017-08-23: 6579000 | Не продано</div><p>г.москва,ташкентскаяул.,д.14,кор.5,3ком., пл. 54.9, кв. 27</p>","6.579.000, 2017, 2",3
55.704971,37.823844,"<div>2018-08-22: 5112000 | 5112000</div><div>2018-06-20: 5112000 | Не продано</div><p>г.москва,ташкентскийпер.,д.9,кор.1,2ком., пл. 42.9, кв. 89</p>","5.112.000, 2018, 2",2
55.790216,37.631092,"<div>2017-03-03: 6261000 | Не продано</div><p>г.москва,трифоновскаяул.,д.57,1ком., пл. 30.3, кв. 5</p>","Не продано, 2017, 1",1
55.791283,37.630535,"<div>2017-08-09: 5276000 | 5698080</div><div>2017-06-07: 6261000 | Не продано</div><div>2017-04-20: 6261000 | Не продано</div><p>г.москва,трифоновскаяул.,д.57,кор.1,1ком., пл. 30.3, кв. 5</p>","5.698.080, 2017, 3",1
55.791283,37.630535,"<div>2019-12-30: 7423000 | 7719920</div><div>2019-08-28: 7744000 | Не продано</div><p>г.москва,трифоновскаяул.,д.57,кор.1,1ком., пл. 31.1, кв. 10</p>","7.719.920, 2019, 2",1
55.70217,37.664662,"<div>2019-09-25: 7555000 | 8914900</div><p>г.москва,трофимоваул.,д.8а,2ком., пл. 45.1, кв. 39</p>","8.914.900, 2019, 1",2
55.853723,37.425944,"<div>2017-10-11: 4911000 | 5352990</div><div>2017-07-26: 6102000 | Не продано</div><div>2017-05-31: 6102000 | Не продано</div><div>2017-04-07: 6102000 | Не продано</div><div>2017-01-21: 6048000 | Не продано</div><p>г.москва,туристскаяул.,д.14,кор.4,2ком., пл. 44.1, кв. 126</p>","5.352.990, 2017, 5",2
55.854896,37.42562,"<div>2018-12-26: 6343000 | 7104160</div><p>г.москва,туристскаяул.,д.16,кор.4,1ком., пл. 36.6, кв. 205</p>","7.104.160, 2018, 1",1
55.852864,37.418712,"<div>2017-11-08: 5167000 | Не продано</div><p>г.москва,туристскаяул.,д.19,кор.3,2ком., пл. 44.1, кв. 831</p>","Не продано, 2017, 1",2
55.782339,37.475989,"<div>2018-04-04: 5281000 | 5545050</div><p>г.москва,тухачевскогомаршалаул.,д.25,кор.2,1ком., пл. 34.8, кв. 21</p>","5.545.050, 2018, 1",1
55.621297,37.493802,"<div>2018-11-14: 5457000 | 6002700</div><p>г.москва,тёплыйстанул.,д.9,кор.7,1ком., пл. 35.1, кв. 61</p>","6.002.700, 2018, 1",1
55.747642,37.564985,"<div>2017-08-09: 7092000 | 9361440</div><p>г.москва,украинскийб-р,д.6,1ком., пл. 35.7, кв. 238</p>","9.361.440, 2017, 1",1
55.714267,37.517761,"<div>2019-10-30: 10490000 | 11539000</div><p>г.москва,университетскийпросп.,д.23,кор.3,2ком., пл. 48.0, кв. 104</p>","11.539.000, 2019, 1",2
55.852874,37.66212,"<div>2017-11-08: 4658000 | 5170380</div><p>г.москва,уржумскаяул.,д.3,кор.2,1ком., пл. 34.7, кв. 155</p>","5.170.380, 2017, 1",1
55.825603,37.81239,"<div>2017-05-17: 1390000 | 1390000</div><div>2017-02-17: 1474000 | Не продано</div><p>г.москва,уссурийскаяул.,д.5,кор.2,2ком., пл. 38.5, кв. 76,1/2доля</p>","1.390.000, 2017, 2",2
55.707456,37.784147,"<div>2018-03-14: 3795000 | 4516050</div><p>г.москва,федораполетаеваул.,д.30,1ком., пл. 33.0, кв. 141</p>","4.516.050, 2018, 1",1
55.8592,37.494449,"<div>2019-02-20: 5640000 | 6204000</div><p>г.москва,фестивальнаяул.,д.12,1ком., пл. 35.8, кв. 66</p>","6.204.000, 2019, 1",1
55.858746,37.482843,"<div>2020-01-29: 10323000 | 11252070</div><p>г.москва,фестивальнаяул.,д.41,кор.2,2ком., пл. 51.2, кв. 76</p>","11.252.070, 2020, 1",2
55.766238,37.490506,"<div>2017-03-03: 5772000 | Не продано</div><p>г.москва,филевскийб-р,д.8,1ком., пл. 39.0, кв. 62</p>","Не продано, 2017, 1",1
55.766238,37.490506,"<div>2017-06-07: 5772000 | 5772000</div><div>2017-04-20: 5772000 | Не продано</div><p>г.москва,филевскийб-р,д.8,кор.1,1ком., пл. 39.0, кв. 62</p>","5.772.000, 2017, 2",1
55.849559,37.487299,"<div>2019-02-20: 6405000 | 6789300</div><p>г.москва,флотскаяул.,д.28,кор.2,1ком., пл. 35.7, кв. 153</p>","6.789.300, 2019, 1",1
55.659297,37.616548,"<div>2018-03-14: 5144000 | 5658400</div><p>г.москва,фруктоваяул.,д.3,кор.а,1ком., пл. 34.4, кв. 119</p>","5.658.400, 2018, 1",1
55.763493,37.647432,"<div>2018-06-20: 8610000 | 8610000</div><div>2018-03-14: 8610000 | Не продано</div><p>г.москва,фурманныйпер.,д.1/5,1ком., пл. 34.1, кв. 26</p>","8.610.000, 2018, 2",1
55.825093,37.825416,"<div>2020-01-29: 6288000 | Не продано</div><div>2019-09-25: 6465000 | Не продано</div><div>2019-07-24: 6465000 | Не продано</div><p>г.москва,хабаровскаяул.,д.20,2ком., пл. 46.8, кв. 130</p>","Не продано, 2020, 3",2
55.588618,37.642231,"<div>2017-04-07: 3560000 | 3560000</div><p>г.москва,харьковскаяул.,д.8,кор.1,1ком., пл. 32.4, кв. 345</p>","3.560.000, 2017, 1",1
55.858225,37.592896,"<div>2018-03-14: 4856000 | 4856000</div><div>2017-12-20: 4856000 | Не продано</div><p>г.москва,хачатурянаул.,д.7,1ком., пл. 38.0, кв. 194</p>","4.856.000, 2018, 2",1
55.717898,37.807782,"<div>2018-07-04: 6617000 | 7080190</div><div>2018-04-04: 6699000 | Не продано</div><div>2018-01-24: 6699000 | Не продано</div><div>2017-10-25: 8627000 | Не продано</div><div>2017-08-23: 8627000 | Не продано</div><div>2017-06-07: 10350000 | Не продано</div><div>2017-04-20: 10350000 | Не продано</div><p>г.москва,хлобыстоваул.,д.16,кор.1,3ком., пл. 64.8, кв. 47</p>","7.080.190, 2018, 7",3
55.779423,37.520231,"<div>2019-08-28: 7901000 | 9165160</div><p>г.москва,хорошёвскоеш.,д.82,кор.2,2ком., пл. 42.2, кв. 36</p>","9.165.160, 2019, 1",2
55.80145,37.5327,"<div>2018-06-20: 9089000 | 9997900</div><p>г.москва,черняховскогоул.,д.2,1ком., пл. 44.0, кв. 48</p>","9.997.900, 2018, 1",1
55.602708,37.594629,"<div>2019-02-20: 4950000 | 5247000</div><p>г.москва,чертановскаяул.,д.51,кор.4,1ком., пл. 35.0, кв. 94</p>","5.247.000, 2019, 1",1
55.734785,37.696795,"<div>2017-04-20: 2103000 | 2103000</div><p>г.москва,чесменскаяул.,д.5,4ком., пл. 97.9, кв. 3,комната№1жилойплощадью14,8</p>","2.103.000, 2017, 1",4
55.697275,37.7449,"<div>2017-10-25: 6329000 | 6835320</div><div>2017-08-09: 7750000 | Не продано</div><div>2017-06-21: 7750000 | Не продано</div><p>г.москва,чистоваул.,д.15/15,2ком., пл. 52.3, кв. 129</p>","6.835.320, 2017, 3",2
55.693668,37.803425,"<div>2017-11-29: 3693000 | 4320810</div><p>г.москва,чугунныеворотаул.,д.17,2ком., пл. 34.4, кв. 92</p>","4.320.810, 2017, 1",2
55.693668,37.803425,"<div>2017-09-13: 4266000 | Не продано</div><div>2017-07-26: 4266000 | Не продано</div><div>2017-05-31: 4266000 | Не продано</div><p>г.москва,чугунныеворотаул.,д.17,2ком., пл. 35.0, кв. 92</p>","Не продано, 2017, 3",2
55.811892,37.813702,"<div>2019-11-27: 8373000 | Не продано</div><div>2019-09-25: 8373000 | Не продано</div><p>г.москва,чусовскаяул.,д.2,3ком., пл. 64.2, кв. 211</p>","Не продано, 2019, 2",3
55.694632,37.582745,"<div>2018-04-04: 4140000 | 5796000</div><p>г.москва,шверникаул.,д.5,кор.2,1ком., пл. 29.8, кв. 55</p>","5.796.000, 2018, 1",1
55.694632,37.582745,"<div>2020-02-26: 9322000 | Аукцион</div><p>г.москва,шверникаул.,д.5,кор.2,2ком., пл. 45.5, кв. 96</p>","Аукцион, 2020, 1",2
55.69382,37.586967,"<div>2019-10-30: 6924000 | 7685640</div><p>г.москва,шверникаул.,д.9,кор.5,2ком., пл. 38.7, кв. 19</p>","7.685.640, 2019, 1",2
55.807076,37.532205,"<div>2017-01-21: 4836000 | 5803200</div><p>г.москва,шебашёвскийпр.,д.8,кор.1,1ком., пл. 31.6, кв. 47</p>","5.803.200, 2017, 1",1
55.894036,37.591324,"<div>2018-10-10: 6581000 | 6778430</div><div>2018-07-25: 6581000 | Не продано</div><p>г.москва,шенкурскийпр-д,д.8,2ком., пл. 46.0, кв. 310</p>","6.778.430, 2018, 2",2
55.62235,37.737614,"<div>2019-09-25: 5042000 | 5596620</div><p>г.москва,шипиловскаяул.,д.41,кор.1,1ком., пл. 32.1, кв. 54</p>","5.596.620, 2019, 1",1
55.601442,37.71053,"<div>2017-05-17: 3944000 | 4180640</div><div>2017-02-17: 4235000 | Не продано</div><p>г.москва,шипиловскийпр.,д.63,кор.1,1ком., пл. 32.6, кв. 94</p>","4.180.640, 2017, 2",1
55.601442,37.71053,"<div>2017-05-17: 4738000 | 5353940</div><div>2017-02-17: 5493000 | Не продано</div><p>г.москва,шипиловскийпр.,д.63,кор.1,2ком., пл. 44.2, кв. 11</p>","5.353.940, 2017, 2",2
55.886761,37.651277,"<div>2018-08-22: 5150000 | 5716500</div><p>г.москва,широкаяул.,д.8,кор.2,2ком., пл. 37.4, кв. 114</p>","5.716.500, 2018, 1",2
55.757339,37.543156,"<div>2019-03-27: 8507000 | 9953190</div><p>г.москва,шмитовскийпроезд,д.18,2ком., пл. 37.1, кв. 51</p>","9.953.190, 2019, 1",2
55.882818,37.653586,"<div>2017-09-20: 4338000 | 4338000</div><div>2017-07-12: 4663000 | Не продано</div><div>2017-05-17: 4663000 | Не продано</div><p>г.москва,шокальскогопр-д,д.45,кор.2,1ком., пл. 33.8, кв. 143</p>","4.338.000, 2017, 3",1
55.875016,37.647657,"<div>2017-01-21: 4664000 | 4710640</div><p>г.москва,шокальскогопр.,д.10,1ком., пл. 34.9, кв. 151</p>","4.710.640, 2017, 1",1
55.872799,37.648986,"<div>2017-09-20: 4547000 | 4547000</div><div>2017-07-12: 5245000 | Не продано</div><p>г.москва,шокальскогопр.,д.2а,1ком., пл. 32.8, кв. 187</p>","4.547.000, 2017, 2",1
55.872799,37.648986,"<div>2017-05-17: 5245000 | Не продано</div><p>г.москва,шокальскогопр.,д.2а,1ком., пл. 35.8, кв. 187</p>","Не продано, 2017, 1",1
55.874006,37.64392,"<div>2018-02-21: 5358000 | 5358000</div><div>2017-11-08: 6148000 | Не продано</div><div>2017-09-13: 6148000 | Не продано</div><p>г.москва,шокальскогопр.,д.5,1ком., пл. 37.9, кв. 85</p>","5.358.000, 2018, 3",1
55.64098,37.346973,"<div>2018-11-14: 5284000 | 5389680</div><p>г.москва,шолоховаул.,д.13,1ком., пл. 39.1, кв. 80</p>","5.389.680, 2018, 1",1
55.671077,37.719037,"<div>2017-10-25: 3536000 | 3854240</div><p>г.москва,шоссейнаяул.,д.76,1ком., пл. 33.4, кв. 34</p>","3.854.240, 2017, 1",1
55.708039,37.778775,"<div>2018-04-04: 4716000 | 5564880</div><p>г.москва,шумиловаул.,д.13,кор.2,2ком., пл. 38.5, кв. 87</p>","5.564.880, 2018, 1",2
55.867915,37.68756,"<div>2018-04-04: 4382000 | 4382000</div><div>2017-12-20: 4456000 | Не продано</div><div>2017-10-11: 4456000 | Не продано</div><p>г.москва,шушенскаяул.,д.3,кор.1,1ком., пл. 30.7, кв. 12</p>","4.382.000, 2018, 3",1
55.782825,37.726089,"<div>2017-11-08: 5215000 | 5319300</div><div>2017-08-09: 5855000 | Не продано</div><div>2017-06-21: 5855000 | Не продано</div><div>2017-04-07: 6398000 | Не продано</div><div>2017-02-17: 6398000 | Не продано</div><p>г.москва,щербаковскаяул.,д.7,1ком., пл. 35.7, кв. 41</p>","5.319.300, 2017, 5",1
55.782835,37.727059,"<div>2019-08-28: 6810000 | 7150500</div><p>г.москва,щербаковскаяул.,д.9,1ком., пл. 33.3, кв. 99</p>","7.150.500, 2019, 1",1
55.53182,37.516889,"<div>2018-05-23: 4103000 | 4349180</div><p>г.москва,южнобутовскаяул.,д.121,1ком., пл. 35.3, кв. 177</p>","4.349.180, 2018, 1",1
55.53182,37.516889,"<div>2017-11-29: 3576000 | 3826320</div><div>2017-09-13: 3918000 | Не продано</div><div>2017-07-26: 3918000 | Не продано</div><div>2017-05-31: 3918000 | Не продано</div><p>г.москва,южнобутовскаяул.,д.121,1ком., пл. 35.5, кв. 42</p>","3.826.320, 2017, 4",1
55.539431,37.54003,"<div>2018-07-25: 4074000 | 4074000</div><div>2018-05-23: 4074000 | Не продано</div><p>г.москва,южнобутовскаяул.,д.25,кор.2,1ком., пл. 27.7, кв. 64</p>","4.074.000, 2018, 2",1
55.537821,37.529394,"<div>2017-08-23: 4246000 | 4585680</div><p>г.москва,южнобутовскаяул.,д.56,кор.1,1ком., пл. 40.0, кв. 34</p>","4.585.680, 2017, 1",1
55.699289,37.74525,"<div>2018-06-20: 6353000 | 7496540</div><p>г.москва,юныхленинцевул.,д.18,кор.2,2ком., пл. 50.2, кв. 12</p>","7.496.540, 2018, 1",2
55.823075,37.580463,"<div>2017-05-17: 3953000 | 5020310</div><div>2017-01-21: 5001000 | Не продано</div><p>г.москва,яблочковаул.,д.24,кор.1,2ком., пл. 36.8, кв. 6</p>","5.020.310, 2017, 2",2
55.825001,37.577561,"<div>2018-10-10: 6265000 | 6265000</div><p>г.москва,яблочковаул.,д.35а,1ком., пл. 34.0, кв. 30</p>","6.265.000, 2018, 1",1
55.57579,37.673834,"<div>2017-06-07: 4735000 | Не продано</div><div>2017-04-07: 4735000 | Не продано</div><p>г.москва,ягоднаяул.,д.8,кор.2,1ком., пл. 36.1, кв. 158</p>","Не продано, 2017, 2",1
55.86162,37.696705,"<div>2017-12-20: 4322000 | 5013520</div><p>г.москва,ярославскоеш.,д.34,1ком., пл. 42.4, кв. 139</p>","5.013.520, 2017, 1",1
55.86162,37.696705,"<div>2017-10-11: 5385000 | Не продано</div><div>2017-08-09: 5385000 | Не продано</div><div>2017-05-17: 6392000 | Не продано</div><div>2017-03-17: 6392000 | Не продано</div><div>2017-01-21: 6392000 | Не продано</div><p>г.москва,ярославскоеш.,д.34,1ком., пл. 43.8, кв. 139</p>","Не продано, 2017, 5",1
55.863929,37.696346,"<div>2018-04-04: 4058000 | 4707280</div><p>г.москва,ярославскоеш.,д.59,1ком., пл. 34.7, кв. 74</p>","4.707.280, 2018, 1",1
55.833006,37.684703,"<div>2017-10-11: 3282000 | 3675840</div><p>г.москва,яузскаяаллея,д.4,1ком., пл. 30.1, кв. 5</p>","3.675.840, 2017, 1",1
55.720205,37.789366,"<div>2020-01-29: 5044000 | 6002360</div><p>москва,ул.паперника,д.6,кор.1,1ком., пл. 32.9, кв. 36</p>","6.002.360, 2020, 1",1
